filename_A,filename_B
Fb_aPBFWUlY_7.mp4,KyR7XB0VBPM_1.mp4
1TAtTlGq5vs_0.mp4,Ycg-LNevHzQ_0.mp4
7m8_QLnRBFo_0.mp4,KRed5IgjETw_0.mp4
xuphB-zbmPk_37.mp4,rZvWkyyy8j0_22.mp4
1PkqpkQQmwg_4.mp4,HCKgHbBiUOU_6.mp4
Xi3P8vUveVQ_4.mp4,hSc6bDiEP40_29.mp4
1dwtsZ4IJQE_4.mp4,9VY3OKScxP4_1.mp4
euQ1VaiXRoQ_4.mp4,XIcTr-m-R9U_3.mp4
2T5hTUMgzpo_7.mp4,hXgLWvxgxqM_26.mp4
DwbAW8G-57A_10.mp4,KIaGw6wplH4_4.mp4
ZVYqgUcQBbk_19.mp4,IlH-egwG2pQ_0.mp4
m-L3k3ElIQE_9.mp4,xHtAfA2ctBs_0.mp4
W-NB-gG2_cY_0.mp4,ZchRHfDklTk_3.mp4
o1RMSG4bnrg_3.mp4,EmaCQjNEqvk_0.mp4
6ry651I1StM_2.mp4,RUsVva_hNJ0_4.mp4
c65PVrGBMtI_1.mp4,e0g82UKQNZk_8.mp4
RQZFCcsvtew_0.mp4,ZzGCbi_JV5c_0.mp4
wytpJXfw86w_1.mp4,yKuB9BlNUbw_0.mp4
P-3Aca5nRn0_0.mp4,oH3u2QHoR2A_12.mp4
wsX7Ht-4kfA_2.mp4,qAHkYcmcFfc_10.mp4
Hy6DSKqMAi4_0.mp4,hXgLWvxgxqM_10.mp4
HKtiXx--MSE_0.mp4,XeasXb98akc_1.mp4
jBvjrK-pgrA_25.mp4,WSBO1fuXCCE_1.mp4
CrwA8XcasT4_0.mp4,0l4jceAE3zY_5.mp4
SAK2kObsiMY_5.mp4,AeMESEz39ps_8.mp4
7HEi1kmCzEY_2.mp4,3JBxvKU8lDA_10.mp4
aSwi8mzc1gA_1.mp4,9nq78d6CRTE_31.mp4
YbrL3c8NIC8_96.mp4,t5rqGq53htA_38.mp4
CYgNbOsiKtk_1.mp4,xgMGnhrKZQI_76.mp4
fcQq0vbAKjk_2.mp4,p4muVacA9qc_2.mp4
0GcN2AmAG2Y_0.mp4,YUlYZFS1OZE_6.mp4
kbjn2bLyi84_3.mp4,kDIwuivZCHA_0.mp4
B86JJELi5Tg_0.mp4,xL3ZOCRgJZM_1.mp4
2tenIjow2hs_1.mp4,azkJMOVoNys_5.mp4
Q6ojFfkVK9o_4.mp4,TnpMWqslgnE_8.mp4
EXB6lUpuDvA_1.mp4,UHPq25mUJwk_1.mp4
7n619EfuSPw_15.mp4,B24Dt1HKKOM_20.mp4
P_OT5s6CEjU_20.mp4,w00XIFjVcEc_4.mp4
t5rqGq53htA_17.mp4,qfEkv726kdQ_47.mp4
VwI6gvZXgMc_0.mp4,ae6Yia6Rk7I_21.mp4
BGmXnidRtoA_4.mp4,ZW-xfRn8vFY_3.mp4
xLWPvOMugpE_0.mp4,1XJ4s0MeWhc_0.mp4
hdrvg0jmL8s_2.mp4,o2oR9qYeySU_0.mp4
H1IhRMtTUno_1.mp4,o6tz9pga4H4_0.mp4
_tdW7RK6UeM_0.mp4,7WLQv-TqEpM_18.mp4
0ekAvNp_F9c_4.mp4,6dA4C1NKChE_0.mp4
JDQcnQpxOj8_57.mp4,XWAuh7S1zjk_1.mp4
UdYapy35qJ8_1.mp4,8rlAQ3q4RDk_2.mp4
FQeoB_lTbf8_7.mp4,aWsc5Zc9kyw_40.mp4
yX5TsLuIEy8_5.mp4,EjWWHD7bN3A_0.mp4
C_w88MyOOMY_6.mp4,bb5fVqt7GS4_1.mp4
Qu-tIbapR3A_2.mp4,9lqv-q15y1c_0.mp4
lGw0RHGny4A_1.mp4,RxLb-Iqyqps_10.mp4
8tRST2F7E-w_52.mp4,63nDBr_Qavw_1.mp4
DE0ErxT30yg_4.mp4,tPjpEVE0whg_15.mp4
pluQyzHTf-c_0.mp4,4URfrF5_avE_8.mp4
P_OT5s6CEjU_44.mp4,5EeD0NiVALs_4.mp4
de19jzvPT84_1.mp4,IGjc99CYKOQ_4.mp4
n6teAjGAhec_0.mp4,qa5NdbjqtvU_2.mp4
RM2N1w6t1KM_3.mp4,i42y4pdpBfA_1.mp4
KAOlo7Ijo5k_0.mp4,Vf9WTeA_ye0_0.mp4
FzkIP328aEY_15.mp4,oDA4sUtM9B8_0.mp4
-KVNfZo-cfc_2.mp4,t_n4qvPcTSM_0.mp4
_9fzl68yGzo_8.mp4,jesmSJxswh4_1.mp4
vyb1NxzYocA_3.mp4,WGvhuhHYhiA_22.mp4
TSclZRaacyA_0.mp4,yfzMdodP6x0_0.mp4
pS-KE1LXpXU_0.mp4,7aXBcMlaxX0_5.mp4
LgmTRm-m2Dg_7.mp4,HTYCa2WU7ws_0.mp4
8CZcZ_b-Cmg_0.mp4,qdCi9keGghY_3.mp4
VtMe30J25sg_0.mp4,74WSfjoQBJA_3.mp4
NRVBeCHAA4E_14.mp4,7BZ9xe3FRLM_1.mp4
vT3QXNKoZKw_0.mp4,cyel18g9q0s_37.mp4
By05PXEvGWA_6.mp4,XDmfBTgIRUg_4.mp4
MMgwfNLKf48_0.mp4,JVAa8MRq_SI_1.mp4
fZflzybv5T0_0.mp4,kLlmYGiQAKI_1.mp4
HNHZX9Xeiag_0.mp4,944BOVL_y_U_2.mp4
dFxzdwS4yE8_0.mp4,mNd16XocjBg_0.mp4
wlHIrFpFfo4_0.mp4,oWcrHykKKV0_13.mp4
51t2_o_H_Rw_0.mp4,HyxXItSF3Co_23.mp4
AiZf4-eJQUA_2.mp4,DwbAW8G-57A_13.mp4
3nf2j5uWKmE_13.mp4,nxxD2tAnAw4_26.mp4
_W4Em_fHubY_9.mp4,RO0jUvh47oE_5.mp4
9svQ60inP0g_0.mp4,vKhAdR1G9io_0.mp4
Vn5WazNB5sU_0.mp4,zVaDCWCNgII_1.mp4
uWmlboXiNKU_2.mp4,ClWAcYN4c4s_4.mp4
Qer6Ld16aXk_2.mp4,SUKdlcCiE60_0.mp4
9iPH8MXkPEE_4.mp4,aU4rjIl5160_2.mp4
tqSUS5-JXIs_6.mp4,5kuWqMEd_bM_1.mp4
pw2l3iiBbAw_4.mp4,kswPGoPPdwE_0.mp4
sM1I11qUM44_2.mp4,wsrjqqEi69I_4.mp4
L9x5p-s4zKs_0.mp4,EDEeyk50nDQ_14.mp4
gIeb4WI-dwM_1.mp4,1D4VF4WqJSE_0.mp4
7BZ9xe3FRLM_11.mp4,ZVYqgUcQBbk_32.mp4
wfuRpwRf41M_2.mp4,NIMWmy-1l4Y_0.mp4
o4lq3SOB8sw_0.mp4,T172gx6a4LM_0.mp4
1mLEN1SN9Eo_1.mp4,X4UGWZRPMzM_4.mp4
khqkrlTd06s_0.mp4,rBevKOiYDFc_6.mp4
J-vYXU4vqcY_9.mp4,A1-XFXX8rU4_1.mp4
4us4K3KLRM0_0.mp4,xNZNGtjTJ0s_4.mp4
OXePtA7CR7c_2.mp4,GSwNuK9xedg_2.mp4
O31rBYqYkuQ_0.mp4,CKvntbSPzhQ_0.mp4
a81pNygdAXw_0.mp4,zqedeJzi4gc_6.mp4
YDhszbGqBmk_0.mp4,hZXbb8er5ho_3.mp4
dQQd6s5gYhk_0.mp4,Em7cOMAkKv4_6.mp4
T7bvoxvweC4_1.mp4,62tZR_Z_y08_0.mp4
B6x3OSkwTDc_3.mp4,gjuizikJ2bk_5.mp4
XemAlj9_qKE_1.mp4,-1zLU5N6uBU_0.mp4
s8hKbzuOAQY_0.mp4,QZ9b-TPTC_U_0.mp4
LOUhN-eXjZ0_28.mp4,8rM5vTn9PaE_0.mp4
AXzcSCf3kwg_15.mp4,8DrsMeY29Kc_4.mp4
KmORWrgr_UE_18.mp4,RxEkm4dDAL4_2.mp4
FrMVRGuYxXw_33.mp4,81oozSLS2CM_3.mp4
V4cpZlFESeA_79.mp4,uA7BbE1cF2U_1.mp4
Dq2v8tLW6Cw_1.mp4,V3fZcoj0RCM_0.mp4
WTtj_trezcQ_3.mp4,5noS6qGxcbM_3.mp4
rUfgJRFKX48_19.mp4,dJKmVxOv-GM_23.mp4
roLboEc4M-w_2.mp4,SgSjPhPXm3o_0.mp4
NgtK-eesI7g_8.mp4,1zi4R4EklsI_2.mp4
NGhqTwxz4eQ_0.mp4,pZOWanD73SY_2.mp4
N4mssLzXoSg_1.mp4,8WJkPk_r8Rc_0.mp4
kaX-XfcAZY8_4.mp4,BdYd8q4jbqE_3.mp4
fk90cLfyVFc_2.mp4,nC53zo7-FCg_2.mp4
9j9nei1ECv0_12.mp4,gevnsbW4aPY_4.mp4
vnd8dfg_x5Y_4.mp4,jMZjU_UjNys_8.mp4
xgMGnhrKZQI_48.mp4,bIzsoyK0bJY_0.mp4
5_1QLQKVlbE_8.mp4,rAgMlpuvEv8_1.mp4
bVZ-eIag2MY_0.mp4,qhZFtomQaxw_23.mp4
1j8l24hHhgA_1.mp4,u0feIKGCriA_2.mp4
DcioAwBI8BI_0.mp4,gxhMfM0QlwM_0.mp4
8tRST2F7E-w_4.mp4,ktZkTX_kE8g_7.mp4
MG_Lyg74UlU_3.mp4,cFvxjIsjwoc_5.mp4
q_tMagfE-nM_0.mp4,zV3AZFuaJVQ_2.mp4
kc4GDM3D9pM_0.mp4,a2_9fQ0U57w_0.mp4
UVXRswx8I8g_0.mp4,Mj8MVI1tuvA_2.mp4
a2872XpfqKY_0.mp4,RhsfcESiIXU_9.mp4
91Z-_ujQGik_0.mp4,XHJI9tya2cM_5.mp4
u6HRhOttQG4_8.mp4,Y1HCzhNjSdk_0.mp4
Bugvvltauqo_23.mp4,DLzp0YkZnRc_2.mp4
AdYiOoBzhHI_6.mp4,M1hXX6aq1wA_0.mp4
Tag-sW2WEX4_0.mp4,6JBtoqFw_4k_1.mp4
rYshN8mP-Gw_0.mp4,g0Rliv9R1GE_3.mp4
O8mpAb-770Q_0.mp4,W9dkqIcvdBg_9.mp4
kHyGJowN1Mk_29.mp4,PhxDj2u29ag_9.mp4
iLFMRsi07_I_0.mp4,2MVGiT5s3d4_4.mp4
JduADWt0XMI_5.mp4,QtrJ6ojRtik_2.mp4
wNj9-72I-Rg_15.mp4,r4KejTbr3-k_0.mp4
hRi36WpGegM_5.mp4,L-zzxADqlu8_0.mp4
xyh6G8sAoyg_50.mp4,NU7Eqx1ydkk_16.mp4
AJRGRSpDMVE_2.mp4,WYIsBYSO0gc_9.mp4
LZDir3e680o_4.mp4,0QDJobWO4Vc_0.mp4
Vf9WTeA_ye0_28.mp4,FFnlaQlI1So_11.mp4
LjJ276Dh1jA_57.mp4,by4eNzzHtHM_23.mp4
xohimahgZNM_4.mp4,BP6N_JrLUIM_0.mp4
ihj2DgVQbwk_0.mp4,8tLhtdDVqzg_0.mp4
wHHV843Y2a4_8.mp4,bGXeYGkiQDo_4.mp4
5vqnFqc4XEQ_9.mp4,2LwWmJojqvM_4.mp4
pw2l3iiBbAw_0.mp4,xyh6G8sAoyg_42.mp4
5qKySTAWpiY_4.mp4,qN3TquDtKdU_4.mp4
269Xh4D8wCc_3.mp4,GlkAsxeWlrM_23.mp4
BdoQSQt_1PY_0.mp4,droRkoEh8iE_18.mp4
D0yH1khC-TA_0.mp4,YbrL3c8NIC8_39.mp4
mAB-hSPmzjk_0.mp4,0YDejqKggWA_5.mp4
LHvodpUnMmw_4.mp4,1GvlSPJ37Hw_1.mp4
1uIBRC3xMEM_50.mp4,t_9GTwEOdkY_4.mp4
kcbLFsEOniw_0.mp4,SUQaxkWkB0s_2.mp4
AvxoZlMKKas_23.mp4,umI-uIi5-tA_2.mp4
aGFysjQaoM4_8.mp4,dZwnXa6XHSI_0.mp4
mz6dgt11n-E_1.mp4,5NyascDM3JQ_0.mp4
1PkqpkQQmwg_3.mp4,MjAase6fqF4_2.mp4
xI4s1uyYIX4_0.mp4,GpQTd7WhT-Q_1.mp4
eKmMFRdNCEw_1.mp4,PVvCLgoeN1E_0.mp4
lq0HERNHyV0_3.mp4,ygM-D5sdxsM_6.mp4
7ka4tohxYD8_7.mp4,39Br2A7lxac_28.mp4
9u6xaK00otk_2.mp4,hd9VjgJdKIY_3.mp4
gMCgkXpEOIY_0.mp4,DBeYwUgN0Tk_2.mp4
0WNw2YjtMPI_5.mp4,qkHSTpTqlug_1.mp4
6KHyMISpE18_10.mp4,hDQRdJRc3EA_3.mp4
F-gTRiA6Ncs_1.mp4,i3LBf8gFFJo_1.mp4
u8PxG5zvgOM_5.mp4,10X4Th3YE30_6.mp4
TyS98_jQIA0_1.mp4,2vi_VeRSHbM_0.mp4
H_c_crxV9O8_3.mp4,O0PDEEFMUB4_0.mp4
2EKDKks9qtA_0.mp4,M06vK9jjMeI_6.mp4
roTp6csfR0Q_2.mp4,ianm1c7FtRo_6.mp4
izLhF-Oodrg_3.mp4,zraRE6Zkgmo_13.mp4
2WNN6PbR_Gk_14.mp4,YCuU4SjcS2A_0.mp4
ytEsz9ZEh_g_2.mp4,1q-FL1Wd0EE_2.mp4
TJyirJxusLQ_1.mp4,Xq4HZGi38qo_0.mp4
EgDJFlkinlg_9.mp4,vtT78TfDfXU_3.mp4
BvpE7hZ8hTU_8.mp4,94rtEPIifpc_1.mp4
QaFqZQ6JQhs_0.mp4,6Yh6WTnauik_8.mp4
IvgFrEk1JqA_4.mp4,qG-B9IzugQM_0.mp4
PFBrK7pbqCU_13.mp4,DKDdCKeC3v4_0.mp4
KPb79ABmRYg_5.mp4,BdYd8q4jbqE_2.mp4
T9NzhjcPsQQ_0.mp4,au6h8bNE8ec_6.mp4
YkYqKiASqJM_3.mp4,4qseBKnxIpQ_0.mp4
xuaHRN7UhRo_1.mp4,FPYJX56wzgQ_6.mp4
gBrNY0njwq4_8.mp4,n1MRm83KDWY_3.mp4
ENcnL_wtU1w_6.mp4,3BrwlU9mHHw_5.mp4
94UN_zMmEEo_14.mp4,7F1bODlFs2U_13.mp4
O_E3v2IuYM0_14.mp4,Kb2WClrbrAc_3.mp4
2vi_VeRSHbM_3.mp4,KmdBHOUCDnM_1.mp4
VCJrgPb3y80_5.mp4,uabEMv5Sr68_0.mp4
cGDwEP-RWHo_3.mp4,GUsBdXrUhdk_13.mp4
vXXmyd3WGbY_5.mp4,3Vsx-eXl-lU_7.mp4
BCcw2q6KbbI_1.mp4,kWjZx3bSDHI_0.mp4
gEq_wldXBww_2.mp4,g_XVdpjZzoU_2.mp4
gGi1BCc9_Cg_2.mp4,536GqWYOHdI_1.mp4
urbo6F_qD5k_0.mp4,68CXG6t1mxU_2.mp4
OZFeXste1_s_1.mp4,1To7zCTHAv4_1.mp4
B13f27uwox0_12.mp4,1gKjUEAsY60_7.mp4
0TvKsVxgbF4_3.mp4,EK9aDAUBBhE_5.mp4
BCcw2q6KbbI_0.mp4,LdRoFo6JuNs_1.mp4
YwxYDewCD-I_15.mp4,za8FVqsMmZ0_1.mp4
qfEkv726kdQ_13.mp4,E-NXKcnsDJ8_2.mp4
TGI-olR8Epw_2.mp4,EKLCchi0iCI_0.mp4
8R57P025460_0.mp4,P_OT5s6CEjU_26.mp4
liypRELKoNk_1.mp4,mySMw3VkEBE_4.mp4
AcSDeQhGGFM_3.mp4,6JBtoqFw_4k_0.mp4
p2QiCFAQ-qQ_4.mp4,72n6oDAUXdo_0.mp4
dXhOh1gGe-w_3.mp4,rxC2ZWU4IPo_2.mp4
jMZjU_UjNys_27.mp4,ZOpRtYLIoZ0_4.mp4
9u6xaK00otk_3.mp4,MzXkiK4ROhQ_26.mp4
1egkqpDOn2A_1.mp4,KJZPwHVV-FQ_14.mp4
6rktMEbFLuY_0.mp4,FrMVRGuYxXw_13.mp4
dXqs6yH3KF8_2.mp4,Y1VyYbpE6KU_1.mp4
QHuTlVI2zgQ_3.mp4,IMepyAzPA-8_5.mp4
lfrC_mA6o8o_0.mp4,1dwtsZ4IJQE_8.mp4
wZTaXoogvDQ_0.mp4,ePBsBnD5_Yg_4.mp4
mrm31EMpIi8_8.mp4,9j9nei1ECv0_4.mp4
ftDkeswkEYU_0.mp4,UJQvNi4m4LM_0.mp4
T3RFyx3GGW4_2.mp4,187iuYq5uZg_4.mp4
vVPtQKHiWwM_3.mp4,A08XpT2q4Xc_1.mp4
Jvlo9P0hEUY_0.mp4,hQIL99lP484_1.mp4
Ueq8bUwdm80_0.mp4,tVICvH0_K7k_0.mp4
ik695fpumiE_1.mp4,QffHIpIrxPs_11.mp4
sStaoozOzzw_32.mp4,dVAB7Li_7qo_4.mp4
aZbGlkGWiZc_1.mp4,1GfDQpfUaHQ_4.mp4
3BlReTz_QRs_0.mp4,aZOS07rEPSM_0.mp4
5g_JUhzP3DA_0.mp4,izeHgM_Dx4k_10.mp4
TpNPIxWdZgY_0.mp4,ik-j-YdRFV0_4.mp4
FFlejx9vekI_6.mp4,OCSiOtXOFtM_4.mp4
5oHKhYDHAoo_0.mp4,Ig5uMkprqEk_1.mp4
HzvL4MonF-I_1.mp4,x4mgu7Q0rUA_0.mp4
PkCxda_9xRc_0.mp4,MWxa84PirUc_2.mp4
8iI9iC2OgFY_3.mp4,DaDZptGm6nI_1.mp4
SF0veYhVpLA_2.mp4,d46cDtFv_Rw_1.mp4
4sNyWmYN-rM_1.mp4,bCLTAaa3qMM_0.mp4
P4YSW34tCnU_15.mp4,ikcKKvKkf4Y_0.mp4
C_w88MyOOMY_3.mp4,Q4TdYMsAr0s_2.mp4
GNSkaIuTNao_2.mp4,HfEjIU7Qbj8_0.mp4
geiub8WP_XE_0.mp4,13qHfXhY47Q_1.mp4
XQOLwXFfiOg_9.mp4,0BM-Q3BDrkw_1.mp4
I9jvn_NgWyc_18.mp4,LTuBBMib6rY_10.mp4
qhZFtomQaxw_1.mp4,r9mcNXIJFbY_1.mp4
W2SUOARI7z4_3.mp4,7gX5zshcJwY_5.mp4
EmaCQjNEqvk_1.mp4,0quxzV2i_gQ_0.mp4
YZO7WwHQzlA_1.mp4,Gdfb-agGuIk_20.mp4
J_5AaTRRqCc_3.mp4,ZQdP-Sva8NI_10.mp4
PlSt57BseA8_4.mp4,CPYABLupBKM_1.mp4
7n619EfuSPw_12.mp4,-APnDkqx5CA_0.mp4
Z8CjofbeodQ_0.mp4,tY8WtniK2xA_3.mp4
J-vYXU4vqcY_12.mp4,rDnazOBaF1U_0.mp4
2jPQC5dPy6U_0.mp4,2GLDqvA6tKI_2.mp4
MIZSWO65BXQ_1.mp4,u4MuBpp1vaE_10.mp4
XTygUbHf2M4_7.mp4,1vB_yscyAL0_1.mp4
9T4kKk7zH34_4.mp4,bTrFBrULLmM_0.mp4
UwTKqqfS8FQ_0.mp4,2HMLj2siVxY_0.mp4
K0xwTAJROW4_2.mp4,sHlriF2yeiM_0.mp4
n-5bVE4K2Ls_2.mp4,SSp7YoCVDHs_0.mp4
I0-XDmuh7HA_1.mp4,HdKurllnRfE_5.mp4
x2HTiIBCHIQ_0.mp4,t5rqGq53htA_35.mp4
0s1UUn9aSSw_7.mp4,5A98txE5nno_2.mp4
IWpThrDfQEI_1.mp4,BwM88qsuB00_0.mp4
83q_jmidKtk_0.mp4,Il72uEjs4o0_15.mp4
5g_JUhzP3DA_6.mp4,DegHehO_nfc_1.mp4
yQXi94aNwBU_0.mp4,NTJXKGOgN-k_0.mp4
xrvwv7kdiXk_14.mp4,2FjQQrxBhwQ_0.mp4
Q4r4jGPegHs_5.mp4,kEL5reRoNk8_0.mp4
0O35rDdcoL0_4.mp4,qRahFLj59bc_0.mp4
rw9TRRcmi3Q_0.mp4,fFE8_U07a5I_6.mp4
3lex4AAgAfs_0.mp4,2cJGGVlQ8X8_0.mp4
6ry651I1StM_3.mp4,LVm_DbyklO0_1.mp4
QRQbXQFaBWQ_13.mp4,hgonh7Hz96c_0.mp4
qdCi9keGghY_9.mp4,wslw6cB8zxg_3.mp4
t7LH7bMQgDM_2.mp4,UVdGhQGRtSc_12.mp4
mV-WbL8nYVc_1.mp4,YW8RIrZgM9s_1.mp4
o9DsswQ0FhY_7.mp4,KPb79ABmRYg_6.mp4
5Ugqj1RATYE_1.mp4,oARVdCyRT98_2.mp4
rTso6VBF4Hc_11.mp4,tVxYCeRXzGo_0.mp4
4Bf5DJV8glE_2.mp4,NWoBIQzHu3M_0.mp4
xu_UgfGriXA_19.mp4,PVvCLgoeN1E_37.mp4
HcEKOwRHg9U_11.mp4,DSIAMiQ5ohc_5.mp4
KK0ALUd944A_2.mp4,V9E9Nce1dC0_1.mp4
ramrve0MVi8_1.mp4,tQT9e3YvAvM_0.mp4
4sEscSxpMKY_16.mp4,JVqR-wAWZsQ_11.mp4
pGCyc8pv75E_7.mp4,odbBoccRA78_5.mp4
pOPoWF3vvR4_3.mp4,JDQcnQpxOj8_10.mp4
kZCgrTDVRbI_0.mp4,g6mm9uasf4Q_3.mp4
QtrJ6ojRtik_0.mp4,hZXbb8er5ho_20.mp4
dUrYKqoWMRs_0.mp4,g_fIDwoORl4_0.mp4
5SkzHjQrCXk_0.mp4,mmUoi_ChMAU_2.mp4
dAg-z6gTSK4_8.mp4,WVPiiYigPTI_0.mp4
B5uw3qZ04NY_2.mp4,xT7F0eKfctg_1.mp4
ARjeK8cu8JY_1.mp4,-HF7vQHhp3c_2.mp4
gRBOrpdfsiM_1.mp4,hSiFAK-p-Lg_1.mp4
AQX2Q-V2Uh8_0.mp4,jBvjrK-pgrA_17.mp4
441D9uXF1ac_3.mp4,m-OaVzrf_vc_7.mp4
xO7O6zwFZ1k_1.mp4,uRjbDsGz2tc_6.mp4
oj-AMrUyoLQ_3.mp4,1dwtsZ4IJQE_3.mp4
z3hS8UTdwXU_5.mp4,xDZUF_8wn1M_2.mp4
f5umSa_YYX0_2.mp4,jZXEW1O973A_1.mp4
c65PVrGBMtI_19.mp4,k_YnqqOjdws_0.mp4
kTCyZoaORao_1.mp4,hSiFAK-p-Lg_9.mp4
IQnx4SnIE7k_1.mp4,34K-mcoEFuk_1.mp4
xfB_G8DW2TU_27.mp4,KdPdkcWcL0o_10.mp4
NS4BQUAbwX0_5.mp4,_a-pB_5eRt0_6.mp4
vJhO79OGi20_4.mp4,3zI3VfQXcX0_1.mp4
IYbXJjm1bIw_3.mp4,W64977o_FlY_9.mp4
Mp06MJ2Nto0_15.mp4,UAa5Lw5lseQ_0.mp4
zJNfkO5ujy0_3.mp4,Lrpy2CCnJR0_16.mp4
ZyQOxWQ63Vc_3.mp4,loplgvKW-iI_2.mp4
G-fyxbtiDDo_1.mp4,k5fJmkv02is_3.mp4
sQg4ntsHC_Y_0.mp4,KW1fyTqH0oE_0.mp4
l6LfwtdM8Fg_2.mp4,i4Q9Qmq1lu8_0.mp4
qgkfdkZS8Iw_4.mp4,IBRkROD4KAU_0.mp4
df2QdWqKC6Q_5.mp4,VkJAnikGNCQ_1.mp4
8AlbZTxq4Wg_2.mp4,N8pmtAfSroc_17.mp4
8-0dpreHXFM_0.mp4,6ikH1EFDm6A_1.mp4
MVRR0XlqA4g_2.mp4,EXwr6U_YypE_0.mp4
0tx4o3yXM64_0.mp4,o-_ochO9CFQ_1.mp4
guWGxRXZbis_0.mp4,xGoRE2NsRGI_15.mp4
uxKA6e9Zsiw_0.mp4,ZW-xfRn8vFY_7.mp4
gs0WQmW1icQ_0.mp4,C5pZipJa09s_3.mp4
vGriKA7i8Oc_4.mp4,xG6__eK9jIE_0.mp4
G-fyxbtiDDo_5.mp4,R1k_1p3mitg_5.mp4
xyh6G8sAoyg_72.mp4,zhhLFNr_Jio_0.mp4
SW-1sk_U8vU_1.mp4,gnallHWgupY_1.mp4
BN8VnFVqRRI_1.mp4,ytuo3w1Bn-I_5.mp4
_4DRXSdPuCo_7.mp4,vdZKrhwMIN8_9.mp4
LjJ276Dh1jA_29.mp4,EB8HpfBlE7Y_14.mp4
U8PnHiRRg-s_6.mp4,yo7zTG1l-Oc_8.mp4
OM3lPslDFrI_0.mp4,ae6Yia6Rk7I_51.mp4
3uRBCqzU98A_0.mp4,P0RO1pF4L1o_1.mp4
P6UbsF02lsQ_4.mp4,kCSKDjdXPBc_5.mp4
5V8q49-bbFE_1.mp4,7DWWSYrYXj8_2.mp4
ZW-xfRn8vFY_5.mp4,vt4IiGtyuTs_0.mp4
9Bqw7XYcdwc_16.mp4,NulXXh0cw4c_1.mp4
PlkvQ0NbjUs_5.mp4,OvbvCOM89Ew_1.mp4
0ysN8AjNhpg_6.mp4,ma7zprvD7UA_1.mp4
Z5ck_82lqCo_0.mp4,nb5h1svrFro_1.mp4
lofjx2nGenk_0.mp4,SM2LxRKqYR8_1.mp4
TVskx6VPH_I_1.mp4,cFa-DXaZyDY_0.mp4
1j8l24hHhgA_0.mp4,hXgLWvxgxqM_1.mp4
ULLpy_WyJds_0.mp4,d6eC8jwgHM0_2.mp4
BjsuTimPBAM_0.mp4,OfIGqK0FGMo_1.mp4
VPXd9ANX3Bw_2.mp4,LJQAKDbq0hI_2.mp4
ihj2DgVQbwk_5.mp4,W_EYrVGI7LQ_0.mp4
bYSj_IzJIyY_11.mp4,BvPRucFVPxs_0.mp4
zzUYkxN11P4_0.mp4,NAeF2ZWauqk_1.mp4
TsnSJK09wLw_0.mp4,FDwpGLz3Mr8_0.mp4
WVPiiYigPTI_2.mp4,PVvCLgoeN1E_8.mp4
NCs2AelYw_E_0.mp4,Ax83IEcbUwU_0.mp4
2pCUsMk0Zs0_0.mp4,Pcj_t03eA5Y_9.mp4
66NqQLxX7xo_4.mp4,RiaUv2MwZ3E_0.mp4
uSO45koeLhk_2.mp4,-fRY1b6WAx4_3.mp4
ydnxRLaYphk_0.mp4,qWb5_LSlsfM_7.mp4
HMAHzsI1SNo_5.mp4,7L0AFOwekNY_0.mp4
Hddi6sivufs_19.mp4,WM6_uQfXr1Y_0.mp4
PMok2n5pQOo_1.mp4,lnPDc4XE77w_0.mp4
izeHgM_Dx4k_9.mp4,ZR2txV7X8sE_1.mp4
rC9LfNF_CW8_0.mp4,tffjcMHvncE_2.mp4
Qq2xxtQ8XQQ_3.mp4,vO7twHktkhM_3.mp4
J_xxZde2OF4_0.mp4,BXNuNJhLWyw_3.mp4
gBrNY0njwq4_9.mp4,5gtFQegr2xA_0.mp4
mgKCKPls5no_0.mp4,LPwZZH1XFc8_1.mp4
f8dkNziRlHg_0.mp4,yZgf5wSULog_2.mp4
gn70KPVH7Lo_1.mp4,JDQcnQpxOj8_29.mp4
5jlfdAEwT-Q_7.mp4,U1UdJYXT6V0_6.mp4
f_sRtGI7Y0g_1.mp4,isJ2IZ5ea_I_0.mp4
V9kVMuuPn_c_0.mp4,UBOcWFBBB04_2.mp4
aGFysjQaoM4_13.mp4,KqQ1UmDPvgA_1.mp4
JowK0LgjsDk_2.mp4,to2SMng4u1k_0.mp4
1hiv8o-SRZ0_4.mp4,D2oh4bpfih0_0.mp4
g_XVdpjZzoU_0.mp4,_CDnP-G3vUM_26.mp4
__f2KtcXAxI_0.mp4,ZxkDOYv--Ag_0.mp4
EkvffcxQzMY_2.mp4,jBMZnAIY_Ng_0.mp4
VkwwtlAGSwk_2.mp4,_Yu-EWF7Fxc_2.mp4
6K1RzetttOA_15.mp4,jaUqGAGsgt0_24.mp4
l6LfwtdM8Fg_1.mp4,F_Gn3vEecHI_1.mp4
Wy4EfdnMZ5g_5.mp4,mvYdMO5ZfYM_6.mp4
DQx9UlNSvRw_4.mp4,HMfGgpzJ2gs_0.mp4
yLtC-gH6ktw_2.mp4,Na0L0hqXvBg_6.mp4
vWkJPL2Dt9A_2.mp4,HK6TmhLEd2E_54.mp4
EBggaKKBTZY_0.mp4,xN9sQUtbjac_1.mp4
2nclzm_QlLw_0.mp4,0U3lKMXzNp8_8.mp4
-YJ3KwbSr4I_3.mp4,5g_FTE5gdVo_3.mp4
GrjEDguF59Q_5.mp4,OlPauBNIDAQ_0.mp4
sVZLKLWFDYs_1.mp4,ef7rQniaz5c_2.mp4
hXgLWvxgxqM_27.mp4,RyIyrMNAEjc_7.mp4
F9SedpzIRYg_3.mp4,IbMavNddq_I_27.mp4
EkvffcxQzMY_1.mp4,Hw-45DC_eXw_2.mp4
72n6oDAUXdo_8.mp4,2zSE8r8jU_U_3.mp4
ZHgd3DviUhw_0.mp4,Q-ABzsALkYs_0.mp4
NqJ6llRZg-M_1.mp4,7NHQrVt1yOU_5.mp4
L-c0y6nWApo_2.mp4,MUvcpjeUFpU_27.mp4
ik-j-YdRFV0_3.mp4,U6F17M80QBE_6.mp4
i4ivf-ZmorE_15.mp4,-3KCgSpt3hU_0.mp4
tPjpEVE0whg_18.mp4,AfFmhCfnqqE_14.mp4
BQ-mQ6stdp8_15.mp4,sd2pBde6gkw_10.mp4
FKtMUPYyoOM_1.mp4,ET0cdTYd9dw_0.mp4
YmSABCyLEV0_2.mp4,bbsKBx8ayWM_1.mp4
QDroSLQiSRI_1.mp4,kg2o35acq4c_1.mp4
gC4rYtR9XCU_2.mp4,h0qWin97VyI_1.mp4
6pUt6xlMorQ_1.mp4,DECt9uTxaLE_6.mp4
DF2ou1RxM6I_0.mp4,H1rttoUCeUg_13.mp4
HTSejaU_TrM_3.mp4,Rdr_oVhKrms_6.mp4
Jef3s6vFby4_1.mp4,tVxYCeRXzGo_1.mp4
xfB_G8DW2TU_18.mp4,Lrpy2CCnJR0_6.mp4
0ysN8AjNhpg_7.mp4,3A0bunqhVIs_0.mp4
7bFIUJ_voCs_0.mp4,dKC2CPS9AFI_2.mp4
lMCdHXjTSvw_1.mp4,qPkKjKAyJ8I_0.mp4
EjWWHD7bN3A_5.mp4,gjuizikJ2bk_7.mp4
QwWcO0-ne8c_1.mp4,aDJJBMXiwiI_1.mp4
kOiQgleiRtU_4.mp4,-BgZFaMJRxM_0.mp4
5vFi7gu-g-w_0.mp4,2mTkhZ0UDs8_0.mp4
as2ECZPn5nk_1.mp4,QDXL4P4N9AE_0.mp4
aJ67Fz1Jf6E_0.mp4,reKMIuxFqzY_0.mp4
9GLQcIRWHGo_4.mp4,-uCFfGjnRa8_2.mp4
qfEkv726kdQ_5.mp4,9iPH8MXkPEE_1.mp4
Nv_M7NxzIYA_2.mp4,hDQRdJRc3EA_2.mp4
1YrP2ICd6ro_2.mp4,kfn6lT6JwTE_4.mp4
eZ0vxQ3uJCU_6.mp4,kR8Xje2x0sA_1.mp4
Pyybcu1fS64_1.mp4,fbGGoEVEiL8_2.mp4
tDCoscVLuU4_7.mp4,kaX-XfcAZY8_3.mp4
fx8frruNZxA_1.mp4,__lRwnjxeCg_4.mp4
kHyGJowN1Mk_23.mp4,46fDhg0_LsM_6.mp4
ajv-UiTRCz8_1.mp4,6n99ZpSgKg4_1.mp4
OVACHJq2lO4_0.mp4,ASa1YGUf5q4_6.mp4
pXGsio9H1xs_0.mp4,gFZB3E7jAtA_0.mp4
Mkkd7taPqEY_8.mp4,8LHYCQ16uAU_1.mp4
Gdfb-agGuIk_13.mp4,ae6Yia6Rk7I_18.mp4
eKmMFRdNCEw_2.mp4,LFO-xqbWYpw_1.mp4
_yNNoN6WXb4_3.mp4,qkHSTpTqlug_2.mp4
s7Es_v1NlM0_3.mp4,Z6RLr6cDKNg_44.mp4
t7BPFTnDsJc_0.mp4,pU3klLr1CPA_4.mp4
2-FvDteymnM_3.mp4,5rkVGXHv2Ow_7.mp4
x4L81QLGYuM_1.mp4,MmQKF7dmdJo_0.mp4
tqQ0pCIxSaA_5.mp4,Mjkt4UgcTmg_1.mp4
SQerVINcUcE_1.mp4,WuLcb1SKWRs_5.mp4
HHA-NdM7mZE_14.mp4,1VIBA_mPdPA_1.mp4
7BZ9xe3FRLM_6.mp4,PVvCLgoeN1E_24.mp4
HgQDAW28DsA_1.mp4,qnFWCagTOtw_2.mp4
d_A4tfEukp4_5.mp4,xohimahgZNM_2.mp4
JhNznuSZ1n8_0.mp4,Wb84rw2JBX8_5.mp4
bHW5h5O-e5I_3.mp4,DaDZptGm6nI_3.mp4
Rdr_oVhKrms_5.mp4,AcSDeQhGGFM_9.mp4
a7U1xa3V-ls_1.mp4,kh62SjGdI0s_1.mp4
r1mN6K60148_4.mp4,YOV5mB8eIEA_0.mp4
FMPBq5B8kyc_19.mp4,iViIy5ci5yU_8.mp4
PZsYgr1VZ0g_7.mp4,zyC4rH_7Geg_1.mp4
0KEsQQc3iIs_5.mp4,Tlrso9FvT9g_1.mp4
xdnibOE5L40_0.mp4,6ivlcsJJ5hk_1.mp4
AuGJ_SZEXFI_1.mp4,S4cvKPCWMQ8_1.mp4
P-3iw8l0lB8_3.mp4,ae6Yia6Rk7I_22.mp4
xGoRE2NsRGI_14.mp4,Jipg0KQ4id0_4.mp4
jjpQORCD0ZU_3.mp4,6dhM6dP2eSU_4.mp4
iwuVFoHiCJk_17.mp4,ej_TjsyAWf0_12.mp4
Eb9WH9OiKn8_3.mp4,GNSkaIuTNao_0.mp4
RhtyNFvHW0A_6.mp4,t09ICTo4fhI_5.mp4
fsUKVpvzMHk_2.mp4,oS_Iap5D9jQ_1.mp4
FKv99t6cFCI_0.mp4,uOqci2vvg1M_2.mp4
dWlCz1ed3yE_23.mp4,72n6oDAUXdo_7.mp4
-qOB8hqkXkU_1.mp4,FPtvpjBEEqo_1.mp4
pf2q0HemaFs_0.mp4,vtznSlhouZc_0.mp4
5AJvo1pc3sw_3.mp4,Zc3wIAs3coU_4.mp4
QAxHWbCQyr8_5.mp4,f3bUF4CWX50_2.mp4
huwN4UGUgjY_0.mp4,BKgd8Q3X0AA_0.mp4
chBVj94zYDM_3.mp4,-Ml5CYHG8KY_1.mp4
n-iYiGBUN4I_0.mp4,6dhM6dP2eSU_5.mp4
rbtZuYVWt-c_11.mp4,PWfgDuO0vmI_0.mp4
o1RMSG4bnrg_4.mp4,4_zn64bRf6Q_2.mp4
MgV4zk3Hre8_6.mp4,TvFCzrDQrD8_1.mp4
s5bsCSw9ixU_0.mp4,Xz-BR8gyPhg_1.mp4
3PRuMx1gqdM_1.mp4,bcmPN_zlp_g_2.mp4
r2GpJzIdoYQ_4.mp4,m-L3k3ElIQE_1.mp4
MFPfyLz-46w_12.mp4,sxq7fIXZqH0_0.mp4
zwrE99cctuw_16.mp4,2VXcBIXh2dY_4.mp4
f505OHOUHoU_0.mp4,XIgGmNJwwvc_2.mp4
51Kfo8X3V18_1.mp4,TknTP23YYFI_4.mp4
r1mN6K60148_1.mp4,euV9_AO_Q-Y_0.mp4
2cJGGVlQ8X8_3.mp4,xgMGnhrKZQI_24.mp4
VFv9O1GK4CE_0.mp4,KEqwSjEjVoA_4.mp4
yRlyvNmVWK0_0.mp4,5ACVz6Cmo3M_0.mp4
-oivQDomJYQ_0.mp4,Df4uhkmyNtk_0.mp4
I4YMrzXRM24_9.mp4,npiA1Ilwzsk_1.mp4
UqO0E4rcI5k_32.mp4,nVz600buGZs_14.mp4
jSnvLrw4YR0_1.mp4,EHLGQSYp2wY_1.mp4
T-OCQznH9Z4_5.mp4,SQerVINcUcE_3.mp4
HuQL_wNtT-A_2.mp4,VHe9XPFHb8E_4.mp4
KIaGw6wplH4_3.mp4,hf6biLAyUxM_25.mp4
Uy738YChyV8_0.mp4,ROeSh72M-Zs_3.mp4
Bwpvq4JhqY4_1.mp4,JKD_ZN2VC3g_4.mp4
aSajnx9QK-0_0.mp4,SbP_EGRp9Kw_1.mp4
Nhn7SYhwb1g_1.mp4,FE42Xc_laYU_2.mp4
sVRcShEiQmo_1.mp4,yutt-bl9ODY_1.mp4
jIXqFqiXnAE_4.mp4,8ZHf9O-PWPc_3.mp4
1eoKvx5X9JQ_1.mp4,KgwFDBmf05U_1.mp4
mNUnCTKwS8Q_8.mp4,ZzGCbi_JV5c_1.mp4
cuGs0oSqpBE_34.mp4,jptbvx9BZ8Q_1.mp4
4NGNbrLnvhA_0.mp4,xu_UgfGriXA_55.mp4
XXk8J83A25A_2.mp4,XoGhKL6CKwg_17.mp4
BNNVN2lIj2w_1.mp4,13FtFKlC1vc_4.mp4
9CjMbFa2Oj8_3.mp4,9Eo8snaeDJs_2.mp4
f5e73A39TF4_1.mp4,UiffptaNZUk_1.mp4
WXqnJqISKCE_1.mp4,qvvcVzNqXVg_3.mp4
hSc6bDiEP40_20.mp4,d4vN9uOqyLU_19.mp4
4aKmbFnV-mI_3.mp4,yK_WyvIK6Mk_0.mp4
0KEsQQc3iIs_1.mp4,946awra4psE_9.mp4
5a5Yr32VUVY_0.mp4,gW_OSQgHhAc_16.mp4
jJDX5cbqHPk_2.mp4,eKe3zZy2gCc_19.mp4
UY0nYr-dXEI_0.mp4,oDwRkzJPkSA_3.mp4
xpKYkGHWB7E_3.mp4,Q49KVa7jotI_1.mp4
ZreZzV7y18Y_1.mp4,KEqwSjEjVoA_3.mp4
e71R12fMzfY_5.mp4,PeG6vwGTd4I_0.mp4
JDQcnQpxOj8_90.mp4,Q49LEs_bhaU_0.mp4
6sMjSp6yOBY_3.mp4,SUKdlcCiE60_2.mp4
8rlAQ3q4RDk_3.mp4,taL06OVt4kQ_0.mp4
zn4IprguwWQ_1.mp4,G8EmmhP4Cyk_10.mp4
ECDKjStq8Eg_0.mp4,7fduMinwJZ8_2.mp4
cyel18g9q0s_31.mp4,5zBnl2gCtHQ_0.mp4
go9n2cwELBU_2.mp4,8YQZMbgpmIo_2.mp4
2yI50UZ9C4M_0.mp4,_zNhY-IBLzc_48.mp4
Kr6c8mWLHa8_4.mp4,OAtwRoFSlOE_0.mp4
eYMbAHC6RxU_2.mp4,hp3HX9PAkcA_4.mp4
MdvvnhzfAhI_15.mp4,ACYVuXaVGZI_2.mp4
UmRkYrYgnN4_1.mp4,6CeSAlrg61I_3.mp4
QbwYDkPwfUM_0.mp4,A08XpT2q4Xc_3.mp4
IR6ZXFWMgz4_2.mp4,tI38i_LI0EE_0.mp4
WRlIDIu2qpg_1.mp4,kHyGJowN1Mk_16.mp4
BQ-mQ6stdp8_16.mp4,xr1V8HDt8GQ_29.mp4
ipMG1YtoRgI_10.mp4,1uIBRC3xMEM_44.mp4
AcSDeQhGGFM_5.mp4,Hr0wZRIy3wo_0.mp4
KKD0B8uROMI_1.mp4,U34TdkLAPxE_21.mp4
2T5hTUMgzpo_1.mp4,u6HRhOttQG4_33.mp4
Fh8zGykmd6A_1.mp4,YG0ZcR-hBpw_8.mp4
C-FH-TOuFpQ_8.mp4,1zA8Vmj7Q6Y_4.mp4
Rgx6Lxggw4w_13.mp4,lSCTGJbObOg_11.mp4
6EfYYxmfABk_0.mp4,p2QiCFAQ-qQ_0.mp4
wrrpuQMQSKo_3.mp4,QOWkXpnwlek_4.mp4
rYAqCGHF0oM_4.mp4,biE10Ff4V40_40.mp4
Yr_9mXuDsUA_6.mp4,Mgh_pqpSbfY_2.mp4
6UWhjaJlxVM_1.mp4,BzeRzWfozso_5.mp4
Lrpy2CCnJR0_23.mp4,k10DDJ4L2lc_3.mp4
os7KKfG3QE0_0.mp4,JDQcnQpxOj8_79.mp4
v6qc6KivX54_1.mp4,euV9_AO_Q-Y_4.mp4
EroyjPcw3sg_5.mp4,0bRr_MER6Vg_4.mp4
edgiUq5ymRE_1.mp4,m-cgkdATHUo_0.mp4
QuwgoIFgQpY_1.mp4,n5B5fsGGCpE_3.mp4
6p1EuLz9Fes_1.mp4,p8hvuAF3tbs_37.mp4
uSLscJ2cY04_1.mp4,JVqR-wAWZsQ_24.mp4
NWvUNDAsYqE_4.mp4,ui3pnIeA_HM_1.mp4
8v2gqNEsbiU_11.mp4,bg5-eOrC018_0.mp4
vXFExc4l_5o_0.mp4,kTCyZoaORao_4.mp4
b6X5bVMoCJc_1.mp4,xuphB-zbmPk_45.mp4
nZc25S13wEU_0.mp4,duIOXAk5dDw_4.mp4
XNwDyM81lSE_0.mp4,JgPlgAnASbY_1.mp4
9I-FCJRX2Cc_12.mp4,sigaBPwJeXg_0.mp4
RP93b_nEARc_1.mp4,UZnEqDr9PKE_1.mp4
JzVCSXWeNnA_2.mp4,HNHZX9Xeiag_2.mp4
qYCEXS6Ws_c_1.mp4,2jPQC5dPy6U_8.mp4
pisJMUitaPM_1.mp4,gijYgnVD9vo_3.mp4
xohimahgZNM_3.mp4,9Nxdn1L4N7Q_1.mp4
6OavUQ__asM_4.mp4,R8JjTOsPHo4_1.mp4
MUvcpjeUFpU_28.mp4,DTWggpNq1a0_0.mp4
UJRSyfeFswM_3.mp4,9ZCKMSRf9t4_0.mp4
iFxoxCospa8_1.mp4,hSc6bDiEP40_57.mp4
Hda6MwCdwI8_0.mp4,BzeRzWfozso_9.mp4
FwCOP-yKD5w_0.mp4,PFBrK7pbqCU_22.mp4
pvNA2JkMfSI_7.mp4,gX57uKMrxp4_0.mp4
P-3iw8l0lB8_1.mp4,hgd7_w0BG8Q_9.mp4
9nq78d6CRTE_13.mp4,DUB3sMP5shA_1.mp4
Gdfb-agGuIk_7.mp4,XkxtxZSrPMQ_0.mp4
tPjpEVE0whg_22.mp4,xuphB-zbmPk_21.mp4
hXgLWvxgxqM_18.mp4,_CDnP-G3vUM_8.mp4
djXfYPDykrA_12.mp4,L6ayQbTmoxg_6.mp4
hIrly-jdobo_1.mp4,e7Drq9juzI0_3.mp4
2J5NhPsXHBI_3.mp4,CihdckiMYwY_0.mp4
FbWPEz8NFS8_9.mp4,r7J-Qx2InoU_1.mp4
8p6L3Vl8ezA_1.mp4,aPdIjZOXH4s_0.mp4
_DtsWj_e2vI_1.mp4,acGQNqjZzgU_2.mp4
G8EmmhP4Cyk_9.mp4,6qxQ2l1DC6Y_2.mp4
sd-Un3CExeQ_7.mp4,pX0LbjUM5Uo_1.mp4
D3P7PRy4BLs_0.mp4,0wAtjDAyv4M_1.mp4
Fdq_l2-C1wg_0.mp4,8iQfU3VUrOs_0.mp4
PeCgryoLpi8_0.mp4,WfQ8qbtS63s_2.mp4
xu_UgfGriXA_7.mp4,mQ7cRCzzP30_1.mp4
eO1Jm4N4rlA_7.mp4,tomxi7UAatA_1.mp4
eBMVxePrTTc_1.mp4,et-26-GVkAw_9.mp4
-3Bl8i34Z7Q_1.mp4,ljrdxgsfdug_3.mp4
QeWifFsvr8o_7.mp4,HuyPZ0RyclM_1.mp4
grn62a_8fZ4_1.mp4,nBZQUoawVLw_2.mp4
knX0i-QBQ7w_1.mp4,tqSUS5-JXIs_5.mp4
tZAp8COoEic_1.mp4,lJ83ILGA8yI_2.mp4
VHsRuDuQKo8_1.mp4,MUvcpjeUFpU_23.mp4
S9E9xd7_r-w_2.mp4,esJNnh-d2E0_6.mp4
xQ9Fg44HYC8_0.mp4,CdppQAIYPzY_0.mp4
QJqjWVH2jrE_7.mp4,WNZNGn_nkOU_0.mp4
GB64qyOkDj0_4.mp4,g7jqkDY8FTo_4.mp4
cTR9Hnxfk7A_0.mp4,szLaH3oCQ2c_25.mp4
_zNhY-IBLzc_37.mp4,-rmALJkEprY_0.mp4
w5-UTv9z-Go_0.mp4,vKdclCO1Yxk_1.mp4
QsVhtCMHc14_7.mp4,KblaujDjQ4g_3.mp4
ny1sxnemwcg_7.mp4,cEJhVm0TJUQ_0.mp4
LRXetK396x4_0.mp4,qSqVVswa420_0.mp4
mFoZz6PG72k_4.mp4,qSd4Q3GY7dc_1.mp4
udyYWWrQKEM_2.mp4,q9X6tpvxZyE_1.mp4
j91qPMHaqbg_0.mp4,D61fBUmKb6A_1.mp4
RM2N1w6t1KM_1.mp4,QT1Tl6npLic_0.mp4
ukzIFp4Kj90_1.mp4,AFMFZiFr458_7.mp4
bMsiQplcZHA_10.mp4,f5umSa_YYX0_4.mp4
elwNOiCaRIs_0.mp4,nxxD2tAnAw4_48.mp4
RhtyNFvHW0A_14.mp4,9Eo8snaeDJs_3.mp4
mhZb4Gdfzkk_13.mp4,Pyybcu1fS64_3.mp4
aPdxMGV1Y28_3.mp4,jagJeaLXRRQ_0.mp4
zZrDihnANpM_3.mp4,SaaTUj7m8e4_2.mp4
Mfcqb8DD400_2.mp4,0_UCPY-mSZU_2.mp4
ptAdtShJa_0_2.mp4,Xa7nHzeNaJ0_3.mp4
mRU3zgkRp5w_0.mp4,FrMVRGuYxXw_54.mp4
QAxHWbCQyr8_22.mp4,fdOrjwuILCE_1.mp4
JduADWt0XMI_10.mp4,wpQ4R1jlFHs_1.mp4
Hddi6sivufs_7.mp4,07YuuA_2O9w_0.mp4
uXnG53304Hk_7.mp4,jBvjrK-pgrA_0.mp4
EgDJFlkinlg_1.mp4,cFpbjlzOKa4_8.mp4
brmhkYXffMI_1.mp4,CqbDifEO_2k_0.mp4
lqEYucTG4zM_0.mp4,xfeLsPRl3so_0.mp4
_gX7hqsHBZc_4.mp4,ClWAcYN4c4s_11.mp4
1zi4R4EklsI_4.mp4,9MHEjn5OKIk_3.mp4
QgedeMGTh5E_20.mp4,cfB9siDjpLk_1.mp4
39Br2A7lxac_25.mp4,VbfC4lrNulE_1.mp4
xeff_ldWpNw_2.mp4,pb8pWn_yyF4_0.mp4
nQeov6j0bsQ_1.mp4,PVvCLgoeN1E_22.mp4
n4pUbyGBD18_0.mp4,5VkI5pMKl7I_7.mp4
Z61G-Ld4ezU_7.mp4,tMWWD7OENBM_0.mp4
oRe8EuewinY_0.mp4,kQI3S3inEXg_3.mp4
e3gKWAGRW5M_1.mp4,blQ8Wi0VAn0_3.mp4
GQdB0AbXgmc_1.mp4,TupgGjLGdUk_1.mp4
xllpnvAmnHE_3.mp4,2lMIShoMuIk_2.mp4
YJ1ajITz8_0_0.mp4,xK-_tIjjIY4_28.mp4
hgvR8fVVMlo_20.mp4,pvNA2JkMfSI_5.mp4
VtMe30J25sg_1.mp4,dVFDYCPO19A_3.mp4
-5be_UPkLRw_1.mp4,NSTXoI3j4ko_0.mp4
yZgf5wSULog_1.mp4,tF3eceBqcik_2.mp4
xyh6G8sAoyg_24.mp4,Hddi6sivufs_17.mp4
MsGWeM9ghDI_5.mp4,i4NIiCSEiTg_2.mp4
IbMavNddq_I_10.mp4,Ekl021fmWGc_0.mp4
b-w1bY8qhnc_2.mp4,rjudTf0wwYs_2.mp4
PFBrK7pbqCU_10.mp4,7jjEq8cwQmA_6.mp4
C4DPvNXtOzA_0.mp4,Ge1ceqHDMqg_2.mp4
1uIBRC3xMEM_31.mp4,aAMPz9e7nUQ_0.mp4
uDSpkQ8U2Hs_0.mp4,JdIhTG1FEC0_0.mp4
szLaH3oCQ2c_34.mp4,d82LKPNesE8_2.mp4
C7LD5_tP33g_1.mp4,aLxG0HPT3K0_2.mp4
aPlf7h7w5sg_0.mp4,F8dW1ddAC_4_1.mp4
RLbry-3z8yQ_2.mp4,MlZ4z_KO5ZM_1.mp4
Gtt2ibEe1NY_0.mp4,fOONIlhXFh4_0.mp4
di5EjbxPtmA_0.mp4,86q2V9GpLvo_0.mp4
qTa5iKsbAno_5.mp4,k7_V-3ApEiM_0.mp4
XTg73hzG4p0_7.mp4,mrAFosQlLvE_10.mp4
2WNN6PbR_Gk_20.mp4,DxSTRYmuKLQ_0.mp4
qyWhqykPGWU_2.mp4,iDFB_GilOVo_4.mp4
kmr68ZevIrM_3.mp4,_4DRXSdPuCo_2.mp4
XcMH5ntEWGQ_2.mp4,TMGcgzR4le8_9.mp4
s2ZGscZscp0_0.mp4,PVvCLgoeN1E_16.mp4
enLijb7P9tg_2.mp4,FBi8SGpLTGI_1.mp4
1YklLet-e8s_0.mp4,qhf4OPsyVHc_1.mp4
n51YVubpyyY_2.mp4,h1KKfAoVmi0_12.mp4
MALtIIPzykA_5.mp4,nrqg6wxuqFo_3.mp4
74AVN84PoBQ_4.mp4,-HWkUQJjVrI_12.mp4
iMDSaIEPlnA_9.mp4,N1lcFmw4Jkk_1.mp4
jVGNdB6iEeA_1.mp4,auNkHDpPil4_0.mp4
teoyewW1bUY_2.mp4,t5rqGq53htA_0.mp4
YxQJTlFyebM_0.mp4,2K7LdYM8Yag_2.mp4
vwOQMK_9pXg_7.mp4,4k1Vx0equfE_4.mp4
Q1X8aQarPOQ_0.mp4,IwrE62wZwHE_0.mp4
Jy8mz4gu2oQ_0.mp4,WXne2B_inx8_1.mp4
EN2-7CqohHE_0.mp4,xgMGnhrKZQI_30.mp4
kHyGJowN1Mk_17.mp4,eKY4AmWLfVc_0.mp4
TeeNLFHot1Q_0.mp4,EOQeU_6vbeg_2.mp4
5h5zurZsIQY_0.mp4,gW_OSQgHhAc_26.mp4
JKD_ZN2VC3g_2.mp4,ZW-xfRn8vFY_1.mp4
fQ5sMUzf2bo_0.mp4,jaUqGAGsgt0_23.mp4
4e1TtNAEHhU_3.mp4,7tW66KxBOaQ_0.mp4
WMZ27bX9ty0_10.mp4,8-0dpreHXFM_2.mp4
5f0cBrCTeis_2.mp4,swo423cXQuE_6.mp4
mlN67R7Zw-M_7.mp4,XFKhIBH23-Q_0.mp4
wbROoMNi8Ho_0.mp4,tPjpEVE0whg_11.mp4
_UledOmoM-Q_0.mp4,B2g2yYkNegE_0.mp4
xK-_tIjjIY4_17.mp4,-a-SZLSDFWk_2.mp4
CgSdF1n1XjE_1.mp4,QAxHWbCQyr8_26.mp4
qhZFtomQaxw_51.mp4,pzmV3-uNMCY_1.mp4
eInZbdw1TDE_1.mp4,1fsFQ2gF4oE_2.mp4
mh7fUlkkX68_4.mp4,MM1no56lIjw_0.mp4
0KjO3YwlhEE_7.mp4,xT7F0eKfctg_4.mp4
XrK9YBgLxkc_0.mp4,2HwVVwlGHU0_0.mp4
k7ISXq1EE-g_7.mp4,hK2Em4D7fhU_0.mp4
m7xTE3rvkDk_1.mp4,yLElO7gxXPo_6.mp4
40JQrUnvKUw_0.mp4,f9nhLeM03o8_8.mp4
TBHjt3AyALw_0.mp4,mlYrVVYKvw4_3.mp4
YH_vICd0WQ0_0.mp4,1BimnTWx1b8_4.mp4
Lrpy2CCnJR0_18.mp4,wsX7Ht-4kfA_25.mp4
cyel18g9q0s_13.mp4,tBinDLh7tks_8.mp4
vUuAbRVVZwA_5.mp4,KDPcZRe_ZP0_1.mp4
eMgfTq1Z2n8_4.mp4,6R3tTi_m8VQ_0.mp4
SaolD5uRm18_18.mp4,fDl9jFHzDUY_1.mp4
u4MuBpp1vaE_3.mp4,Yzs6p2VnzL0_6.mp4
BVrhwsgCuFU_7.mp4,qhf4OPsyVHc_4.mp4
shehrh353Oo_3.mp4,LTuBBMib6rY_1.mp4
k5T5HXhufPo_0.mp4,3GqQTYkuHXQ_5.mp4
dAzuZ-V81I0_6.mp4,_wvxjLEML30_2.mp4
iS9J3-N-rnQ_0.mp4,OBA37P_Ju5k_3.mp4
h5nhyFFSweU_7.mp4,fV-wb1gZOyo_1.mp4
gi9EwdK-6L4_1.mp4,kqBMHRX-c-4_1.mp4
H_0K4x7ktUw_1.mp4,PahRJMVNho0_3.mp4
9058GOR-xY8_1.mp4,RyIyrMNAEjc_3.mp4
JYxYabIMW0g_0.mp4,MsRh-PTeXzw_0.mp4
swo423cXQuE_3.mp4,A3WWrwBRH_w_1.mp4
BPlXrbuhaB4_1.mp4,MvYvRHhV6iA_2.mp4
2WNN6PbR_Gk_12.mp4,dAg-z6gTSK4_6.mp4
sfWe6CUZUtc_0.mp4,hRhwFjccWk8_0.mp4
WroBXxcEMtc_4.mp4,W2EZOorGpI0_7.mp4
kQI3S3inEXg_1.mp4,J6KG4Tre8Yg_5.mp4
RHVyIHN6qOE_0.mp4,d82LKPNesE8_135.mp4
7y4iQ-ovdQE_0.mp4,9FAeJgWLKRo_2.mp4
0tjBBO2SUbE_1.mp4,IMuAOVTXtLM_0.mp4
U45CzgrLE9s_2.mp4,wfAfwKUkfHU_0.mp4
RKt17dM8eFk_11.mp4,IKCMr0JAveU_2.mp4
bG6gMS6VvYQ_1.mp4,eEfakzH-eFw_0.mp4
RjjOi8s5SX8_16.mp4,1w4rZE1A-fc_0.mp4
iMDSaIEPlnA_16.mp4,DCThJoIT-bY_6.mp4
z7siqPhc1qc_0.mp4,T4cMJ3rzdpI_1.mp4
5iCkD8koCwg_1.mp4,4A-hmyHNaxM_2.mp4
HyxXItSF3Co_0.mp4,XKUl0UZ9xt4_2.mp4
SpHUNjgyAvo_6.mp4,ZyQOxWQ63Vc_6.mp4
zeV1-Ito9HM_0.mp4,1q-FL1Wd0EE_1.mp4
RKt17dM8eFk_3.mp4,uB69rg6oQrc_12.mp4
f--BtuDI9RE_20.mp4,f4LEgmt0roE_0.mp4
GpR43y7JUXI_2.mp4,E6Wy7VFXlH0_6.mp4
gjOx4OckqGY_0.mp4,4URfrF5_avE_0.mp4
mZzkE03B64o_1.mp4,NOXp0ABEFC4_0.mp4
3K87MAKSFUM_18.mp4,yKuB9BlNUbw_8.mp4
wyQmO-LFF4M_0.mp4,PVvCLgoeN1E_11.mp4
8RZB2U0goew_5.mp4,a8irKGLpqeQ_2.mp4
IMepyAzPA-8_4.mp4,ENcnL_wtU1w_2.mp4
baNc64S4DHY_10.mp4,v_3W2tlaxrU_2.mp4
9NdNh259zjY_33.mp4,oUpzcxwFI6o_0.mp4
nNKsj8rQGHc_3.mp4,tSyHF-jstuI_2.mp4
U45CzgrLE9s_0.mp4,7kkvjvaTNQQ_2.mp4
vGDlqs1I1Es_4.mp4,75keg-F_Le4_8.mp4
lgQEkgVdzKU_0.mp4,RhtyNFvHW0A_39.mp4
5UjmbtIRvLY_0.mp4,gnWkYf8Peo8_1.mp4
d82LKPNesE8_139.mp4,Lqg5fiwIQso_14.mp4
tX3WnzqInf0_48.mp4,-mlfefNP8cw_1.mp4
Il72uEjs4o0_14.mp4,-QNxYSDdpig_1.mp4
LT15mXhT4M4_0.mp4,-b-EFcA7ing_2.mp4
BGmXnidRtoA_2.mp4,hd9VjgJdKIY_0.mp4
-8ajIeIeJpY_0.mp4,Bi75jrN5yDk_0.mp4
lO0n26I-JVE_0.mp4,SaolD5uRm18_16.mp4
S3moqQqx3Nk_0.mp4,5AFNqHBFRgE_1.mp4
2kdSBZ2QieY_1.mp4,tqSUS5-JXIs_3.mp4
3oqt6V9aJIM_7.mp4,r1scNthC8NI_2.mp4
Bugvvltauqo_24.mp4,UzTveNwweRM_2.mp4
mD7G88--kBM_0.mp4,eIH7YdPm3tM_1.mp4
wrrpuQMQSKo_11.mp4,n-VauKCseqU_11.mp4
8ltYYXhGCBo_5.mp4,UQ5_w6Nz46o_4.mp4
B24Dt1HKKOM_19.mp4,xyh6G8sAoyg_54.mp4
j2ZsEQ4Fr4c_2.mp4,Gxt8jcnAH8Y_2.mp4
DOqHpCInxQ4_9.mp4,Jh1ZNwdufMs_3.mp4
unmu4yKfBg0_9.mp4,p8hvuAF3tbs_15.mp4
HuQL_wNtT-A_1.mp4,SA1AQ0m1lkU_2.mp4
MYxmw-LhOEw_4.mp4,A_aFnxsStao_3.mp4
tab4Nxd8GlY_0.mp4,Sv-BxH3SVS8_2.mp4
W393PKuE3aQ_1.mp4,yk0gYKsvTuM_0.mp4
NWjkTFqUNpk_0.mp4,5RQQ-lTeF2E_6.mp4
d82LKPNesE8_102.mp4,lR8R2KDi2g4_8.mp4
P6UbsF02lsQ_8.mp4,ZGM5Y16SSb8_3.mp4
yTu_YMzEjEQ_14.mp4,aolQ_iIjLNg_2.mp4
fr7db0STi4g_2.mp4,ai11bzMWoVs_0.mp4
FHflUMnaWXI_0.mp4,0o9Fm3hnpYQ_1.mp4
-ON8ZTCiuYo_0.mp4,AUbfGwY4Fco_0.mp4
k0N8Y9iICy8_3.mp4,NU7Eqx1ydkk_11.mp4
Q8sb6fZvLJM_0.mp4,-zxyN9-P9_c_0.mp4
xPwq9go3HDc_0.mp4,s7d8i30pRt0_1.mp4
DR4AhAGBiT4_6.mp4,YbrL3c8NIC8_34.mp4
oo7VlD66ISM_0.mp4,LjJ276Dh1jA_30.mp4
eLdQluY23UI_0.mp4,8DrsMeY29Kc_5.mp4
ytuo3w1Bn-I_0.mp4,OvdQYzRHlO0_4.mp4
iTQ4b0d3HxM_2.mp4,YrzimUfEGP4_1.mp4
7v7n4ibjjOQ_4.mp4,Izp0m24gYRU_1.mp4
biE10Ff4V40_34.mp4,E67jk75CRWM_0.mp4
cNiuEFffzf4_1.mp4,YbrL3c8NIC8_78.mp4
K7I9ERiBZrc_0.mp4,wEPZVYQqdMY_2.mp4
iLQAuMVT82c_2.mp4,JDQcnQpxOj8_67.mp4
c-onVRMP-mE_6.mp4,HX7nZ02qbLM_4.mp4
xqMXREVvGR8_2.mp4,tvy0nfXbStY_1.mp4
ttdJL0BRgLk_0.mp4,y4wQ542EjW8_2.mp4
mCAHxQLjDBY_5.mp4,4XowsN9loWE_9.mp4
xgMGnhrKZQI_28.mp4,usmBCn2WxYU_0.mp4
HZac3cOgpL4_1.mp4,ef7rQniaz5c_4.mp4
aGFysjQaoM4_26.mp4,P48G0TD887I_4.mp4
fPrzP76SCaA_11.mp4,YSkZieDG5U4_3.mp4
7Cyzq1bWpZs_2.mp4,Yr_9mXuDsUA_0.mp4
VSj0Zy6KohA_2.mp4,XGCcothBtRs_4.mp4
ybq8gINMdBs_0.mp4,AuGJ_SZEXFI_0.mp4
D3P7PRy4BLs_1.mp4,g0gSVRz3HXc_7.mp4
IwA5uSA5ZBI_0.mp4,O8I-ac3PJao_0.mp4
u5ZmoPBqVmQ_0.mp4,xu_UgfGriXA_4.mp4
GLmTfdkWZp4_0.mp4,RxLb-Iqyqps_9.mp4
Q9B0pFDCviw_5.mp4,CO0tm-6Dtuc_3.mp4
lOgPGO4JnaA_2.mp4,U8PnHiRRg-s_0.mp4
rZs0ZkhzpsI_0.mp4,d82LKPNesE8_146.mp4
NqvC6zC4rQc_0.mp4,zM7w3qU9q5c_1.mp4
xyh6G8sAoyg_15.mp4,5yBwzD9I-0o_7.mp4
_DQAqotwgd4_24.mp4,rUbY9uikvWc_4.mp4
UHJc79xfIR0_5.mp4,btgH-wO-WaE_5.mp4
pSEgCOf_lc4_0.mp4,bcUm0yqAwsY_1.mp4
JowK0LgjsDk_1.mp4,_TYRa6vxxb0_9.mp4
bhtJNsUfHIM_6.mp4,wNj9-72I-Rg_21.mp4
SXbUNuTQJds_0.mp4,cZ3PlWc414Q_4.mp4
1FXO-XToURQ_0.mp4,XTygUbHf2M4_5.mp4
1zzQuzIeWHw_16.mp4,Ge1ceqHDMqg_0.mp4
WOBy9Q8Gf9I_2.mp4,psZ4jSJ1A_o_23.mp4
VILmrL5jP7s_0.mp4,U8IsSkpqyOY_7.mp4
1PkqpkQQmwg_2.mp4,nvu6nqf0TwU_7.mp4
NHDA6rk-bek_5.mp4,yLElO7gxXPo_33.mp4
HdatBfJGF9Q_3.mp4,gehulRoAFw0_0.mp4
uSLscJ2cY04_0.mp4,0fBA7VUZEgY_7.mp4
KNxb7MLHmBk_2.mp4,SnBObwk5JF0_37.mp4
V4cpZlFESeA_92.mp4,nepc-GLWtfc_0.mp4
xUNy6fZy4WE_2.mp4,abPoKYnc4-w_0.mp4
OM3lPslDFrI_15.mp4,Uy738YChyV8_1.mp4
2h22yFdenvA_3.mp4,9FKgmafi1p8_0.mp4
F9SedpzIRYg_5.mp4,Tpol4TKeJ14_1.mp4
eO1Jm4N4rlA_2.mp4,eShGoYTlPXw_1.mp4
Pxqn6Z1YaX8_3.mp4,BzeRzWfozso_3.mp4
QvdszN3x7M4_0.mp4,XoGhKL6CKwg_22.mp4
7lHr2ZNlULA_5.mp4,WDpipB4yehk_1.mp4
hktlkG0QuKY_0.mp4,AylRLRuxhPo_0.mp4
m-L3k3ElIQE_8.mp4,viRfGNQjgQs_6.mp4
_BeHUjskbZo_0.mp4,P_OT5s6CEjU_75.mp4
Yr_9mXuDsUA_1.mp4,3kSvtdUcsHk_13.mp4
Em7cOMAkKv4_22.mp4,uRl3don88TQ_0.mp4
TMqnCEdGgiA_3.mp4,6C1stWCPRfY_19.mp4
1GYZPg_aQdw_0.mp4,vdZKrhwMIN8_14.mp4
H37dm_eRkLU_0.mp4,2o7zEyRESAg_1.mp4
hEH49mSRWGw_1.mp4,nZWo6dP2zVw_0.mp4
XEqlq0MJK88_1.mp4,dqOYWPemcQ4_8.mp4
GWxf8Hb-Xis_0.mp4,_EAgsymgxZM_7.mp4
vndiMloYcYU_1.mp4,sro0wthNoTc_1.mp4
W2SUOARI7z4_5.mp4,T6nmPgVlkWk_2.mp4
-iqoJicDe48_1.mp4,hTkdr-GwQu0_5.mp4
ZVYqgUcQBbk_12.mp4,iqxao_orua8_9.mp4
D7tCnGstwcs_0.mp4,JNrH1W7aKc8_8.mp4
nBYh_IDoAfg_2.mp4,CqmOYe9sol4_6.mp4
uTPuA57TGEY_4.mp4,Mdp4T_G0Xsc_0.mp4
MQ2PrvpAT-k_2.mp4,6qZZWAScCn8_1.mp4
QwWcO0-ne8c_0.mp4,P6v15J_butA_1.mp4
8ChyyuiyR48_0.mp4,HeRIwSpHZCk_1.mp4
ttOuvmYYeps_0.mp4,Z0sFhnkRCsQ_3.mp4
V7gceiThJ6U_2.mp4,aSwi8mzc1gA_3.mp4
rUG1TssM7U8_7.mp4,yVlOitZ19Wc_0.mp4
h_cmp2nPA74_7.mp4,xpdIOiMN27s_0.mp4
5AJvo1pc3sw_1.mp4,hf6biLAyUxM_29.mp4
Il5BCVgXdms_0.mp4,4-BWFsE_TQE_0.mp4
y7T5Ea-WGII_0.mp4,W393PKuE3aQ_0.mp4
t8Jluny2f2k_3.mp4,kHyGJowN1Mk_5.mp4
Q3bCgOs_tKI_0.mp4,_h3NFrBsJAM_2.mp4
ge9ahoqNSLE_0.mp4,X1DL53cVJd0_19.mp4
B8l01PtyKRk_0.mp4,5yBwzD9I-0o_18.mp4
g3WSsm57iVM_1.mp4,7lbPHodrgC4_0.mp4
7g1ti_tjuvQ_2.mp4,Q_GqOe9HFRY_0.mp4
rZvWkyyy8j0_15.mp4,3K5xDVNEdFs_0.mp4
EjWWHD7bN3A_1.mp4,E7fYM97TrZ8_1.mp4
zlaK8yJFneQ_6.mp4,3ERuhks3GNk_0.mp4
A9gAwf5z5ZQ_3.mp4,k6u3YvvvgjQ_0.mp4
DrvDaWlu4N0_0.mp4,iezywt7W-k0_1.mp4
KnPfaGzmt4M_1.mp4,aKAp3q6Bv8w_5.mp4
fjodt2JnWT8_2.mp4,_lDEdpV8VIA_3.mp4
QhWWODVLgKY_3.mp4,8RZB2U0goew_0.mp4
BMtD519hdVY_4.mp4,qB78U2aWihU_2.mp4
Ak8uiLVkpy4_5.mp4,nl6oRRoRscU_8.mp4
jBvjrK-pgrA_40.mp4,K590_x8XxBw_0.mp4
3EdXrMS1gJc_0.mp4,KKsVK5R9q80_3.mp4
eKe3zZy2gCc_11.mp4,3MmmG47ccSs_3.mp4
ZreZzV7y18Y_2.mp4,e1C3oL94Qf4_0.mp4
PZsYgr1VZ0g_10.mp4,hLbozjgBIE0_6.mp4
2J5NhPsXHBI_4.mp4,Lahi0kn4Ggk_11.mp4
H6jj52hYXeQ_0.mp4,7wniAznxp08_0.mp4
8hTxyhkryk4_4.mp4,GjGVLuE8sqo_2.mp4
yqkeDHvcArs_1.mp4,Ky0LDCtXeDc_0.mp4
SPM5TwGRxJA_0.mp4,_l4KXnKjw88_0.mp4
x22ZX9dGaKk_0.mp4,bHW5h5O-e5I_4.mp4
0Ff4rsZH5L0_0.mp4,XFKhIBH23-Q_1.mp4
py7xqlpvCIk_1.mp4,tpA8GptBRek_3.mp4
Q9B0pFDCviw_95.mp4,CEwyZcmwNiQ_0.mp4
wZl5uWOpepU_1.mp4,vETAoh41gPA_2.mp4
RyevycwXzn4_14.mp4,WGvhuhHYhiA_8.mp4
NHDA6rk-bek_4.mp4,QAxHWbCQyr8_24.mp4
gmq3wWG8M1A_2.mp4,MaSm7idHMtI_2.mp4
VJU3ID2cXEQ_0.mp4,FrMVRGuYxXw_17.mp4
w00XIFjVcEc_1.mp4,Z6RLr6cDKNg_40.mp4
xJOME7D6-ow_4.mp4,sjO7jADDUGQ_0.mp4
PZABOyyEO0o_5.mp4,INzl57SF6S0_7.mp4
QaFqZQ6JQhs_18.mp4,zKATih1nvVo_0.mp4
X3XwuyPljm4_0.mp4,SQerVINcUcE_4.mp4
GWExJPcE3lU_5.mp4,UHPq25mUJwk_3.mp4
AXzcSCf3kwg_14.mp4,DSIAMiQ5ohc_6.mp4
_v5zFIqjEZg_3.mp4,eOFPOGW0S2Q_13.mp4
3tBmFd-1bfI_8.mp4,VUXiPWWxd-I_5.mp4
4ak8huhsVKc_0.mp4,Z6RLr6cDKNg_11.mp4
j04RI0wxW94_5.mp4,6-Q-YUbpJns_2.mp4
XcE9IUjMtOE_0.mp4,7tW66KxBOaQ_2.mp4
ovujhb3Jj1w_7.mp4,DKqFCG3UTEs_0.mp4
xohimahgZNM_5.mp4,pDj1GM3RRWs_1.mp4
eJ93IIgvVyI_2.mp4,0KbxR3VjAg8_6.mp4
4nEpmBhIy1w_0.mp4,6PBTIl8QNH8_1.mp4
EroyjPcw3sg_7.mp4,kPiMgLB7S7c_0.mp4
ShwCEMe6wFs_2.mp4,u-ei9MiQpew_3.mp4
U4MKgu8etK4_5.mp4,IiUmOrBplcM_12.mp4
GzX6l-y4YeY_20.mp4,bp_PPhy2-Jc_1.mp4
O49YZfMl4-A_0.mp4,E-F92GOLVcU_0.mp4
CtcQNdbPsSQ_1.mp4,J2AZJQTsNTY_6.mp4
LdwClcDvVao_22.mp4,FOd1zgCkLPM_0.mp4
o5ydWfajKTA_0.mp4,9I-FCJRX2Cc_7.mp4
SHFX9o5vVNg_12.mp4,NS4BQUAbwX0_12.mp4
xdnibOE5L40_5.mp4,zfrVau8cYD0_3.mp4
I4YMrzXRM24_4.mp4,3Sz7dbX2kTY_0.mp4
OhaNsbMOHak_10.mp4,JyTf7wR8vWI_0.mp4
tjBBL2ZtHt0_0.mp4,9a2GAlrFLQs_0.mp4
32LChHJOCKI_6.mp4,liypRELKoNk_9.mp4
xu_UgfGriXA_38.mp4,1zzQuzIeWHw_4.mp4
t5rqGq53htA_37.mp4,8-0dpreHXFM_3.mp4
ShCW6mr_rsM_0.mp4,XCHKYNFH9Lk_0.mp4
wgzxSr6l9Y4_0.mp4,uQpHx3lBGms_0.mp4
e4Dlc6yqJuA_1.mp4,8jyiXMPl6EU_0.mp4
gTakZ13l8xY_1.mp4,r-nRT5hjw2s_4.mp4
YAfm_w5301I_4.mp4,2tenIjow2hs_8.mp4
wsX7Ht-4kfA_0.mp4,sTggfqXpMBo_1.mp4
KdPdkcWcL0o_17.mp4,-7mzQx0ebqk_2.mp4
lHDSGOp2EN4_4.mp4,5RQQ-lTeF2E_5.mp4
JszgRReUo4k_0.mp4,1zi4R4EklsI_8.mp4
Mdp4T_G0Xsc_1.mp4,vsfjzfGZVyQ_1.mp4
DfjpfoESqJg_2.mp4,QwWcO0-ne8c_3.mp4
97wVlAcRZaI_8.mp4,k8VqG4ftlK0_0.mp4
gl4J7Gd-cmI_2.mp4,pfVP6HBoflg_1.mp4
uowtT1e8KtI_0.mp4,uEW0FlmiNec_2.mp4
P4YSW34tCnU_13.mp4,dWlCz1ed3yE_20.mp4
X8YOtEocd6I_0.mp4,QeWifFsvr8o_1.mp4
psW7sLoNutA_0.mp4,xuphB-zbmPk_27.mp4
87ZxMOruPs0_10.mp4,X1DL53cVJd0_13.mp4
WsynqBxaW2Y_14.mp4,Mfcqb8DD400_1.mp4
IwrE62wZwHE_8.mp4,EDEeyk50nDQ_3.mp4
Agw7D-sR-c0_5.mp4,gVseixK20cM_0.mp4
-78FgmNwyD4_1.mp4,QRQbXQFaBWQ_3.mp4
EePq-UOj-EA_0.mp4,fQy1yr_K_L4_4.mp4
wqzMMadF7Ww_4.mp4,v4U2mAwO6-4_3.mp4
eMURCJgRJYM_0.mp4,6p_LlhzOrBk_8.mp4
LX8mxeGuqi4_8.mp4,Yb7MuX2YnX4_0.mp4
b1W0syAQ88E_0.mp4,rZvWkyyy8j0_9.mp4
zZrDihnANpM_0.mp4,ANXSdv-KaCQ_0.mp4
FlxuBe2yMr8_3.mp4,2UK1aSp3bUY_0.mp4
Ztt_UDCfW-g_1.mp4,vDwhGmUD6F0_9.mp4
W18J6bcq9YI_0.mp4,2WNN6PbR_Gk_2.mp4
mLEf3rws1S4_1.mp4,1uIBRC3xMEM_1.mp4
rVS6JfZhKEM_0.mp4,R9IOKkweV4E_0.mp4
fcSrWPQcShQ_0.mp4,ae6Yia6Rk7I_47.mp4
yzera03y4_0_0.mp4,9KXO2Sn4L4Q_2.mp4
szLaH3oCQ2c_37.mp4,bkd_z_-gfZs_0.mp4
-T6FORUj1ZE_0.mp4,bskMh0LTZlw_1.mp4
ZjPPfwVPTDE_4.mp4,0Petkj9Kxks_1.mp4
U8IsSkpqyOY_10.mp4,kc4GDM3D9pM_6.mp4
J5K0XKyL3i8_2.mp4,_IT9jmLChDA_2.mp4
xK-_tIjjIY4_32.mp4,iGk7QYThMTk_0.mp4
TnyG7X-QGKs_8.mp4,1TqRcAl_928_4.mp4
UqLq7sMS2sU_1.mp4,df2QdWqKC6Q_1.mp4
ia8F0GV10mA_3.mp4,EcjY1r34cBE_19.mp4
IhGd9dcU8Oc_0.mp4,Bugvvltauqo_1.mp4
4kd44mGdWqo_3.mp4,qfEkv726kdQ_0.mp4
kAFxKPtwYuU_0.mp4,KaEakKRQGMg_2.mp4
ARjeK8cu8JY_4.mp4,qfEkv726kdQ_3.mp4
TWVOB0Xsfxk_0.mp4,sCG88QHentc_0.mp4
RFWu1N9hP40_35.mp4,nl6oRRoRscU_16.mp4
qhZFtomQaxw_27.mp4,VKl41s51JvE_1.mp4
1AhrD2-cvrw_2.mp4,ydnxRLaYphk_1.mp4
Zti44ptZTrc_7.mp4,eMURCJgRJYM_1.mp4
W_UsU5tNa4I_0.mp4,bo4Ff0CttvQ_3.mp4
Ug6yhGuDcUQ_1.mp4,AX-qpuOuDVg_1.mp4
JJeNvH2hmPM_2.mp4,EvpwbdkhdnA_8.mp4
xnXg_qNP38M_0.mp4,tqSUS5-JXIs_10.mp4
7gX5zshcJwY_10.mp4,rDTZ6A5zsYc_0.mp4
tjBBL2ZtHt0_9.mp4,M9F-ZtKswww_1.mp4
NHiG4hmxkjQ_2.mp4,LZDir3e680o_3.mp4
h9WDm1k4Hz4_1.mp4,y2_oXPF2b3Y_0.mp4
fOONIlhXFh4_6.mp4,e0NqmDjsnDw_1.mp4
4KaGilcZWpY_19.mp4,qSOe5kRoaww_9.mp4
xG4b0-DSLrI_0.mp4,4sPP-muvnDU_8.mp4
8tRST2F7E-w_73.mp4,_iw7PLtjjow_8.mp4
3k9G5rq86PU_0.mp4,dAg-z6gTSK4_0.mp4
oBURpv30IkA_2.mp4,ebj_l5icPPg_0.mp4
10X4Th3YE30_0.mp4,RtmGfcCKuxc_12.mp4
GiykTnvV8Mo_2.mp4,5nUK9TJaDY4_12.mp4
ankgJ2nCm3A_8.mp4,NyLJS84VxWQ_0.mp4
D6n2gmV3Tn4_1.mp4,Bugvvltauqo_13.mp4
ROqfvY68ijM_3.mp4,4x_MfkJvgbU_0.mp4
2UK1aSp3bUY_8.mp4,Cw9Af5tg74Y_1.mp4
14Qt0DBJPIA_0.mp4,SeiltyhdQGg_2.mp4
pi7Qfur-xLA_7.mp4,TpNPIxWdZgY_1.mp4
sNrOsj0xDPs_2.mp4,U97UagTDW_0_8.mp4
fIfQn72V0JM_0.mp4,DGW436DH8Yw_0.mp4
HeRIwSpHZCk_0.mp4,qaQQ3LLyKvo_2.mp4
G2SpqqxJiig_0.mp4,EXt9XxMLKhk_7.mp4
N6SPrarFcBA_1.mp4,4kd44mGdWqo_2.mp4
d6eC8jwgHM0_0.mp4,kZlanODsfXs_1.mp4
MsKaN_QrVT8_4.mp4,_9fzl68yGzo_5.mp4
7ML-9r4M_qk_0.mp4,RhtyNFvHW0A_36.mp4
u_z2ttNkL24_4.mp4,rT2OKCAGQ4M_1.mp4
HK6TmhLEd2E_49.mp4,CEjNfCl026c_11.mp4
C5UD270jxfs_0.mp4,7jjEq8cwQmA_3.mp4
WOBy9Q8Gf9I_1.mp4,HK6TmhLEd2E_11.mp4
7uOhTRONUbY_1.mp4,i_9mM4F_JVI_0.mp4
-o-C21COWIQ_0.mp4,5RQQ-lTeF2E_1.mp4
bEBQWhgGM1g_0.mp4,fQy1yr_K_L4_7.mp4
P_OT5s6CEjU_63.mp4,qN3TquDtKdU_14.mp4
YbrL3c8NIC8_99.mp4,9ZBPZ4b5LRw_0.mp4
V7gceiThJ6U_9.mp4,Wb6-5LyTmoQ_3.mp4
SNOFdP7OYyQ_5.mp4,w2eNQ75wdq8_2.mp4
Z_9KUBCidow_4.mp4,vwRxwSLW6rU_5.mp4
6GqonOcxCQQ_0.mp4,IKCMr0JAveU_1.mp4
Gyxw8a2hTMg_0.mp4,grJ-E8PwZgs_9.mp4
hRi36WpGegM_13.mp4,PFBrK7pbqCU_5.mp4
gvicbQyxf-c_0.mp4,MKf_SL_owsY_2.mp4
ePUEHt-qKpI_0.mp4,rx4sKoITt-Q_0.mp4
UHPq25mUJwk_2.mp4,l6TGERgrXmA_3.mp4
MB5PMwcYLqg_5.mp4,nxxD2tAnAw4_0.mp4
vUuAbRVVZwA_3.mp4,MA8Fzo7XH2s_2.mp4
UiFCWtEBEFw_3.mp4,u6HRhOttQG4_43.mp4
yl7bpnGVXcM_0.mp4,gC4rYtR9XCU_18.mp4
c7rTX3cpTzU_0.mp4,t-B2zR5O5Ys_1.mp4
H1rttoUCeUg_12.mp4,63IwUcBK_Rs_0.mp4
nLY7Z6bZcMU_13.mp4,IsBB4i4k2PM_1.mp4
VUWaWkUQedc_1.mp4,EDEeyk50nDQ_6.mp4
Wl6COOA3V6Y_0.mp4,NrhBIkWlIfA_0.mp4
VN-AkfFZwfI_0.mp4,nlJqcYb65o0_0.mp4
4BbdosSV3J8_10.mp4,wwDCSzZx37I_0.mp4
v8OaLcXw66k_7.mp4,uWmlboXiNKU_4.mp4
w0lyXUdyNAI_3.mp4,P_OT5s6CEjU_0.mp4
1eoKvx5X9JQ_2.mp4,NCKkEP5Ol4s_18.mp4
C-FH-TOuFpQ_11.mp4,FZlm1ledK-I_4.mp4
QbwYDkPwfUM_1.mp4,0wLgQQGob1U_1.mp4
U0gtVg46p5A_6.mp4,Ej_fgugvtRg_1.mp4
BjnXHznhABk_1.mp4,SeYgMYijdz4_0.mp4
mdQLt_q8yro_10.mp4,2kymD_HxRfA_2.mp4
pJFZLCoqB9w_0.mp4,Z9vRmexWHUo_0.mp4
gmq3wWG8M1A_0.mp4,jMZjU_UjNys_15.mp4
CPYABLupBKM_22.mp4,fkNDOcF5RGU_3.mp4
SF5EacV4NI0_1.mp4,iDFB_GilOVo_3.mp4
ttOuvmYYeps_5.mp4,i1WNVGwy27A_2.mp4
r4YS55Y1joY_3.mp4,exCuIisMWl0_0.mp4
dWlCz1ed3yE_1.mp4,1NdWaO32pIA_1.mp4
WSADpIlmqQ8_0.mp4,6wC2DqFJ7UE_10.mp4
mcXnAOcF_Sc_0.mp4,FstG27JuaRg_0.mp4
Mj8MVI1tuvA_1.mp4,AeMESEz39ps_5.mp4
WEvTEdLLa2s_5.mp4,kLWS8Kn4XKg_1.mp4
nIOmotayDMY_1.mp4,P6c_kQL3ZdU_1.mp4
LF0dTioXk3A_0.mp4,QwWcO0-ne8c_11.mp4
JDQcnQpxOj8_9.mp4,XrhhoCg8pVs_0.mp4
ytuo3w1Bn-I_7.mp4,iI8w5AQJcN8_1.mp4
5estcAZpf4k_7.mp4,vKDngSIf1Io_5.mp4
evcoTdkpSK8_9.mp4,Ewpzngfnvcc_0.mp4
l6LfwtdM8Fg_4.mp4,SuEt5n-k0e8_3.mp4
lP-A8UaVbLE_2.mp4,p9XIPtizl3s_0.mp4
viRfGNQjgQs_44.mp4,hfKhRRdMrVc_0.mp4
iI8w5AQJcN8_0.mp4,xrrRGTnPZnE_0.mp4
huwN4UGUgjY_1.mp4,JWLd18_ViOM_0.mp4
2UOL-ZHUOC4_2.mp4,ZvG2Q_KNCOA_0.mp4
D1rRS3omXQE_7.mp4,vaFw-VXQVrg_5.mp4
2dD7upKpLks_5.mp4,_qh-4JFLd-s_6.mp4
RP93b_nEARc_0.mp4,GUsBdXrUhdk_19.mp4
8q9IkntjueE_0.mp4,C2KN6BHuPWA_1.mp4
6w0F9xVXn_E_0.mp4,p8hvuAF3tbs_21.mp4
7ka4tohxYD8_4.mp4,IDo33tYqa9Y_0.mp4
uy_2GCNyzgk_3.mp4,pI1W-5Z6ZSQ_0.mp4
ecmDPqCP8ms_0.mp4,bYlPxQI8uYw_0.mp4
_r-SkfDZphk_9.mp4,vMJwHwQ1Egw_19.mp4
jVu_cuFHZnc_1.mp4,gfGtFbH3A3Q_1.mp4
1uIBRC3xMEM_6.mp4,uciRaLsFmfM_0.mp4
tL7IKhPdcCA_0.mp4,mD7G88--kBM_1.mp4
V32SkmBB1KU_0.mp4,zXF0zcwPGuI_0.mp4
wxhUTK7xbz8_0.mp4,vkIUEF6nKLk_4.mp4
BX-hxkRsaT4_1.mp4,R7JLW3NRRC8_8.mp4
o60CH5vM6rU_6.mp4,bvITByUy5fA_0.mp4
9mDnkVUl08k_22.mp4,TJ_a9ckoHyU_2.mp4
3Ljao5nxDz4_2.mp4,iQoNLmqqMQA_2.mp4
BjsuTimPBAM_3.mp4,uH25O339bMY_3.mp4
ezja7-YQ72g_6.mp4,ATNjQgr7LXc_3.mp4
iQoNLmqqMQA_1.mp4,J90JKBCDzSs_2.mp4
WWuan-jqPO4_2.mp4,FvJp6IklZUA_0.mp4
lMmTZ7oTDRI_0.mp4,yOWS9e_r5OI_0.mp4
Uq9eN8Glj00_0.mp4,uo4O2CcN-eo_0.mp4
s1YskWPSAYY_2.mp4,GOwehDo9xYQ_1.mp4
tru0WMH7yic_0.mp4,lCyS2Gxxzfg_2.mp4
CPYABLupBKM_29.mp4,n-VauKCseqU_16.mp4
ZmmFQQjLevE_7.mp4,JKD_ZN2VC3g_0.mp4
3TWv-3cC9NM_0.mp4,R76ux4iCRzI_3.mp4
IuiKCwrTYO0_0.mp4,4kd44mGdWqo_6.mp4
FR547mPhjes_1.mp4,Yd1Bx8u7Om4_0.mp4
evcoTdkpSK8_8.mp4,xuphB-zbmPk_19.mp4
YkfEc-PYJ8A_7.mp4,9nq78d6CRTE_6.mp4
aGAInDBQOoE_0.mp4,32LChHJOCKI_12.mp4
Q3znhTOUqi8_0.mp4,cx8LpiW174g_2.mp4
qvvcVzNqXVg_2.mp4,OzVZMadRoSQ_0.mp4
rMH3omIA15k_1.mp4,YKFQfaDL9gQ_3.mp4
xehA2Fy-IUY_0.mp4,UKdwmsql3fk_4.mp4
YiIl9Uc-UOQ_11.mp4,ZhfnLoEOTyk_18.mp4
Z6RLr6cDKNg_10.mp4,SCqvldpfZrw_2.mp4
xK-_tIjjIY4_34.mp4,poTqVcSgFRE_2.mp4
qCto3nEfE1w_29.mp4,E7Ol0Ov9OOQ_0.mp4
e9cysHm38Kg_0.mp4,xyh6G8sAoyg_73.mp4
VAp8WVZm3cc_0.mp4,7ZUVMim8ebM_0.mp4
wytpJXfw86w_2.mp4,IVglZgrgMpE_3.mp4
FMPBq5B8kyc_21.mp4,i4NIiCSEiTg_1.mp4
4gftIIxf7B4_2.mp4,9RrN7k_5fl4_3.mp4
P_OT5s6CEjU_43.mp4,_rBUv7eMTjw_7.mp4
wlik2vsgyPE_5.mp4,UssIXhT7bm0_2.mp4
UQ5_w6Nz46o_2.mp4,SMuET3l5cbc_0.mp4
KsimmeikE7w_7.mp4,SRZIdnkNVCY_4.mp4
1kPvrYaCi4c_2.mp4,tjBBL2ZtHt0_11.mp4
btbPv-Xtd7M_0.mp4,kD0zHgK3BJ8_2.mp4
l5oBFdE9ukA_0.mp4,limWzxBKAdg_8.mp4
2Ke4u7vbLE0_2.mp4,zogIrkxnsfw_1.mp4
X5m5FbZLvZs_3.mp4,iY5fvk3H2Js_0.mp4
xu_UgfGriXA_105.mp4,N-f_dRIFPqc_0.mp4
MKf_SL_owsY_1.mp4,vITX2N0hpYE_0.mp4
apJOBtBz5n4_0.mp4,E-NXKcnsDJ8_1.mp4
kr2k20G3hCc_1.mp4,rYHCZi-tmTE_1.mp4
wlik2vsgyPE_2.mp4,4bhjcmEcV74_2.mp4
3SsvC_2wKI0_1.mp4,_zCEPgcZfYo_1.mp4
7n619EfuSPw_6.mp4,v4U2mAwO6-4_0.mp4
yHf9QshbQeE_7.mp4,ae6Yia6Rk7I_15.mp4
X32pSJrgF3Q_2.mp4,1zWf02vGl3M_0.mp4
gmbInMp4ioU_3.mp4,qyZXW5Md1HM_0.mp4
blQ8Wi0VAn0_1.mp4,wVknI3MqzgQ_8.mp4
qPCAFXTIReQ_1.mp4,Y9b8tw9TR2k_0.mp4
hGsR1fkUJqY_17.mp4,Egj0TdouRjA_0.mp4
KQbGttprUMA_6.mp4,5pLpIsdg50c_0.mp4
Xe_7zVGtKHo_0.mp4,KNAqbw-wnRI_2.mp4
Jhzm2AvUGHA_0.mp4,uEMTQYe1ro0_0.mp4
JFo6iLDNzX0_5.mp4,HcEKOwRHg9U_17.mp4
QYHTRRmkung_0.mp4,-fRY1b6WAx4_0.mp4
o2JujFZVPlI_0.mp4,ae6Yia6Rk7I_31.mp4
RFWu1N9hP40_42.mp4,0fBA7VUZEgY_4.mp4
M16l8dqWTuI_2.mp4,yywlulXZ0ls_0.mp4
ZvYPIJT6JpM_29.mp4,W-rC7PEsItw_0.mp4
hrQKFnookmc_0.mp4,_DQAqotwgd4_18.mp4
UZRXeD9qp1I_0.mp4,kc7675SA-no_3.mp4
f2mHQzFNS9w_4.mp4,xmpJO1ufF0U_0.mp4
dVAB7Li_7qo_3.mp4,YXetIu8JOzI_2.mp4
Nuwu9VTP3Ak_1.mp4,Ba-d9blrYuY_2.mp4
BlOUJpb1zxo_4.mp4,zElzcOQWLLo_3.mp4
M9ArC365xQo_5.mp4,pwz5-eyCgXE_9.mp4
RasU0WycRQc_1.mp4,u6Id2mBsD7o_2.mp4
Vy-simXeFBc_0.mp4,-uCFfGjnRa8_27.mp4
N9B5cCGDIVE_0.mp4,r-QLiAyJupc_2.mp4
lq0HERNHyV0_1.mp4,RH22akEGTIQ_0.mp4
yzwheD19-PQ_0.mp4,Fn40RI8ving_4.mp4
KccpJ0xD-7E_1.mp4,_n7jcT8JR_M_1.mp4
iVsfWht3zmo_1.mp4,gq1gSTF2oyA_0.mp4
go9n2cwELBU_1.mp4,D2XKjKc8DKg_3.mp4
IPXeiS1tzr4_5.mp4,jL6rrLaw6rc_2.mp4
ftNK4JPSoto_1.mp4,_W4Em_fHubY_23.mp4
btUcK3Zi-QI_1.mp4,5a5Yr32VUVY_3.mp4
kYvhoBZmrgo_1.mp4,kb4jEHmH_kU_2.mp4
dAUVgEVgxZQ_0.mp4,5rkVGXHv2Ow_1.mp4
rytCjxBPvBI_1.mp4,kZJXpkTIKs4_0.mp4
zV3AZFuaJVQ_1.mp4,74WSfjoQBJA_4.mp4
-_Bdf9C0SAU_7.mp4,kwDvoO6J9nk_2.mp4
XeOcYexZGBg_3.mp4,jGAsihLnYqM_4.mp4
D7tCnGstwcs_2.mp4,qaQQ3LLyKvo_4.mp4
VxKyoOxyrdU_0.mp4,9RrN7k_5fl4_0.mp4
d82LKPNesE8_122.mp4,0KbxR3VjAg8_8.mp4
jQTsUhVFbYA_20.mp4,RitnM9n0jTY_0.mp4
D1rRS3omXQE_29.mp4,AqlqUEQL7Qk_0.mp4
SCqvldpfZrw_0.mp4,2Qz0AREgsdQ_0.mp4
9ce9buHLrmc_0.mp4,ju9K6nk07iE_3.mp4
qCto3nEfE1w_0.mp4,Budwd_uAnsk_0.mp4
YiIl9Uc-UOQ_5.mp4,xgMGnhrKZQI_79.mp4
JDQcnQpxOj8_1.mp4,bJSDrRcwwKQ_0.mp4
01ClRWyf9I4_8.mp4,SWYmSp9wxUM_0.mp4
g7v3RYMq-6s_19.mp4,u0mh-e5qfFw_9.mp4
EkwTIvHJ4t8_14.mp4,n1VEmXiaFY4_1.mp4
Ll-D4vY8JWU_2.mp4,ZYmlPFh1IoQ_0.mp4
Xz4BfAQMZZY_4.mp4,EMpPWRLRQZY_0.mp4
1xXjjahIwr8_3.mp4,n_ci8BbMilc_0.mp4
TfvZsMYBqFw_1.mp4,eOYWXNzZlkw_0.mp4
0Cgy2voDarc_0.mp4,Vf9WTeA_ye0_26.mp4
Jf8OtaR_9MM_6.mp4,dStxLpnwvWs_4.mp4
0p9yD4E2hQw_3.mp4,ajRRS6NzMBU_1.mp4
wJZP20y0R2Q_1.mp4,bBjLUZgx4WA_5.mp4
g_fIDwoORl4_1.mp4,YbrL3c8NIC8_72.mp4
7aW8QnLYxY4_2.mp4,dAzuZ-V81I0_5.mp4
s2eUj69OEqs_11.mp4,7HatGyWJ6xo_0.mp4
RehpqkvcCbw_0.mp4,xbHSfACHWQE_3.mp4
lmXulmt7HQY_11.mp4,6bDF7ZQgkZA_4.mp4
J17qre-QyLY_0.mp4,n-VauKCseqU_23.mp4
W2SUOARI7z4_8.mp4,9QCgqQdmr0M_1.mp4
YpDpOphD1zo_0.mp4,RKt17dM8eFk_1.mp4
3z5MojhWe1o_0.mp4,MsOmqVrcy9M_1.mp4
D1rRS3omXQE_10.mp4,ej_TjsyAWf0_13.mp4
zogIrkxnsfw_18.mp4,qfEkv726kdQ_14.mp4
C42zpLSVjCY_0.mp4,e0g82UKQNZk_11.mp4
iJ_DrM05hp4_2.mp4,fYNZsz9o3Sg_0.mp4
2vF2uWuFDeA_2.mp4,AcSDeQhGGFM_6.mp4
rLtmIBRWQVQ_1.mp4,7tg6TqW7u-A_0.mp4
5mAI-v1nfOw_0.mp4,xgMGnhrKZQI_54.mp4
-jiQdqoe1cU_0.mp4,pGCyc8pv75E_10.mp4
NxCa0cVaxQo_1.mp4,Df4uhkmyNtk_3.mp4
0Ba6y1Y8JjU_1.mp4,hRi36WpGegM_24.mp4
7uSfWo-jr8o_5.mp4,0zgTcrZ5030_1.mp4
r1mN6K60148_2.mp4,VF_-AB2-Ux4_4.mp4
hv12agUndFk_0.mp4,dICoogbmXmQ_1.mp4
oLJ7246t3-c_4.mp4,74WSfjoQBJA_7.mp4
fr3qnpENicU_1.mp4,0ACTvENkyD8_1.mp4
0U3lKMXzNp8_7.mp4,S989EXPoZKs_0.mp4
10r3vyu-zDM_0.mp4,YbrL3c8NIC8_33.mp4
9FKgmafi1p8_2.mp4,qFFp9ajVyEk_1.mp4
TSQ770iqDgY_1.mp4,MGRJhDyY9ls_2.mp4
E_RNZFm1mls_1.mp4,ej_TjsyAWf0_7.mp4
XFK5SV1-Pzg_7.mp4,-a-SZLSDFWk_3.mp4
3Vsx-eXl-lU_11.mp4,ScO8_gSXqJQ_31.mp4
bxs77K1DkD0_3.mp4,TnyG7X-QGKs_11.mp4
qYYJCPBTWM8_2.mp4,68skjB-WHFA_6.mp4
qbGiBsLgmcM_21.mp4,_zGaoRbZJvg_0.mp4
xeIpaxIPFOg_4.mp4,ZLhyjNnrb6s_1.mp4
pzE6SVUHAYE_1.mp4,_CDnP-G3vUM_11.mp4
Jou60MhXBcw_0.mp4,df2QdWqKC6Q_3.mp4
ggAMl6wNFrA_0.mp4,hSiFAK-p-Lg_22.mp4
FcfsKx3pADI_1.mp4,T5p0IaOt3tQ_1.mp4
_-OcQC6ZzBQ_0.mp4,tjBBL2ZtHt0_42.mp4
rCEbhr55ISU_5.mp4,uAWektIBPUs_13.mp4
JYp5uIodwEE_1.mp4,JZveA-NAIDI_8.mp4
5hhPpHMM9W0_1.mp4,tUoMib-Z7eI_0.mp4
dGmuICb8a7Y_0.mp4,Ji4IABsT0hQ_0.mp4
OTGz2hFl720_3.mp4,xyh6G8sAoyg_14.mp4
97wVlAcRZaI_27.mp4,IOWLg3FcYpg_1.mp4
tpfOhYRYv80_3.mp4,a-h2glY0jyg_3.mp4
SHrMjoieDWI_12.mp4,6mooNp4aWBo_2.mp4
7tW66KxBOaQ_15.mp4,y1OhC9h3flY_0.mp4
8tRST2F7E-w_60.mp4,Cm3c3PU0DxM_0.mp4
kt9g6RLHf7k_0.mp4,w3_QWJAThXI_0.mp4
szLaH3oCQ2c_45.mp4,IiUmOrBplcM_2.mp4
4S7WF01RvSc_1.mp4,7dw45dGMGNY_0.mp4
3K5xDVNEdFs_1.mp4,tMB7LgnO2Wo_0.mp4
tnxXQgmHwrk_8.mp4,PnZpYoBuiGw_1.mp4
iIXQLZWp0Cw_2.mp4,_1osQSmJ2-s_18.mp4
zLsZ0_645tA_5.mp4,1To7zCTHAv4_3.mp4
bcOYL6ZEJic_0.mp4,FFnlaQlI1So_10.mp4
mFH_r2w28rM_7.mp4,XoGhKL6CKwg_12.mp4
-CXBIAH4Kgo_3.mp4,JDQcnQpxOj8_4.mp4
i9Hpit3sTP0_5.mp4,kTKsGYI4dYA_0.mp4
Pganh5DlygU_10.mp4,wW0L86VZScs_0.mp4
NJtOmLkUSKs_0.mp4,vndiMloYcYU_3.mp4
5DWrrqP_HNk_1.mp4,v7QfNBfZT3w_0.mp4
vwOQMK_9pXg_20.mp4,F6mWKtfNVA0_1.mp4
3cjnWIfC2Zc_2.mp4,NPY5Iq-tCvk_1.mp4
e4cZm0ipjdY_3.mp4,_qh-4JFLd-s_5.mp4
eKe3zZy2gCc_9.mp4,ar_pEja_NvA_1.mp4
0IyuK069I-w_2.mp4,Ky7Q6Oll5_M_0.mp4
P_OT5s6CEjU_28.mp4,bNiztacMAJ0_1.mp4
Wl_1661-39w_3.mp4,U8PnHiRRg-s_8.mp4
2UUR2665lbY_7.mp4,Uy-RJfBmu9s_0.mp4
idvqLiOeLgc_0.mp4,ftuBSN4NwSA_2.mp4
d_A4tfEukp4_3.mp4,hf6biLAyUxM_46.mp4
m-OaVzrf_vc_1.mp4,_DQAqotwgd4_5.mp4
an9Zfn3IZCY_0.mp4,_KXzVNUJjn8_0.mp4
AgNH9Ktkrqk_1.mp4,7A6HQOrRDiw_3.mp4
ibAU8weiUOI_0.mp4,282_VCffiTo_0.mp4
UuWs4ibeXPM_2.mp4,BQ-mQ6stdp8_3.mp4
9NdNh259zjY_34.mp4,k10DDJ4L2lc_6.mp4
8tRST2F7E-w_59.mp4,U5fkvkaFqt4_0.mp4
_yMeXMRn9KU_2.mp4,tqQ0pCIxSaA_0.mp4
7ZUVMim8ebM_1.mp4,otMPQNd1pn4_5.mp4
sdwghUH-K14_3.mp4,1c7FYxTa2mQ_1.mp4
H-eL9ZQeecY_5.mp4,pzxu7BY8aLs_0.mp4
KOnjYgmiACQ_12.mp4,CEjNfCl026c_14.mp4
TfvZsMYBqFw_0.mp4,ty_jbbvZDkQ_0.mp4
4FJVi_cg2lk_2.mp4,2ZOBaW_PLJc_0.mp4
GeqKdTZugxs_2.mp4,t5rqGq53htA_11.mp4
tZAp8COoEic_0.mp4,Ehaogw2TNOQ_0.mp4
wlXonJcIJjU_0.mp4,kfn6lT6JwTE_7.mp4
lPB6exj8Kgo_2.mp4,Rv2mSzJKwnQ_1.mp4
UKDyYcJN-ZU_2.mp4,sYk8M_ZTNlY_0.mp4
ZbcEB7y_84E_3.mp4,ZVYqgUcQBbk_14.mp4
7jjEq8cwQmA_4.mp4,moTWWKnxpm4_2.mp4
tPjpEVE0whg_3.mp4,FFlejx9vekI_1.mp4
CO0D_wh5b9s_2.mp4,KwS0b8wpniE_1.mp4
dAzuZ-V81I0_1.mp4,cMmi5sRe8wc_5.mp4
441D9uXF1ac_0.mp4,_GtUc0Rwbi8_0.mp4
_zjqM0Hmk2A_3.mp4,RhtyNFvHW0A_41.mp4
Yv6uGkXZqCY_0.mp4,RgubwsCVg1o_2.mp4
uevgwsPV9Ew_6.mp4,D2XKjKc8DKg_1.mp4
SbP_EGRp9Kw_7.mp4,nA1lAszNSoI_0.mp4
1diHvu1Q6Ec_1.mp4,ik-n-L9UNTY_0.mp4
e521XyeDr6I_3.mp4,gTt8yvw4MJE_1.mp4
iDFB_GilOVo_7.mp4,l0ugqf5SoPI_7.mp4
HK6TmhLEd2E_55.mp4,6R3tTi_m8VQ_3.mp4
g2mdlcZ1frc_3.mp4,7n619EfuSPw_16.mp4
7oqRCOYvOS4_2.mp4,JDQcnQpxOj8_92.mp4
fZB65wj9nz8_0.mp4,tjwPKnc124A_6.mp4
xTL5vkPPln4_3.mp4,xsWkYTdEDzw_27.mp4
XP8MMhU7aLY_0.mp4,aHV7IUgaCy8_0.mp4
yo7zTG1l-Oc_1.mp4,qvjPeazrQUM_2.mp4
VZuSoAD1LtQ_3.mp4,5ttoICpH0Vc_1.mp4
R2lhQCxKx_Y_0.mp4,0D35LZ4UBX8_1.mp4
mcwwjkGvBJ0_1.mp4,w3o5Sdhw0DE_0.mp4
1eN1O1j3LcY_0.mp4,Uovtut2ckMg_6.mp4
evQ-VzzVcFQ_4.mp4,9KXO2Sn4L4Q_3.mp4
-u066G59i-s_1.mp4,KUkTh1DnC9A_0.mp4
khX9fjqlf40_0.mp4,i54po0WWo48_3.mp4
ai11bzMWoVs_1.mp4,Bcdml8D82Lw_7.mp4
wySz6ysIDhs_1.mp4,woAaEx9EAb4_1.mp4
jJvvT_Sb0jo_2.mp4,8R8mxS2E_UQ_0.mp4
cMwOJoesx8M_2.mp4,uXG9v1_X8jc_3.mp4
pW-ZHlM3RxI_1.mp4,AcSDeQhGGFM_0.mp4
-QNxYSDdpig_0.mp4,UKDyYcJN-ZU_14.mp4
Rv2mSzJKwnQ_2.mp4,O6Stx_mwAVY_5.mp4
17Km-P0IJZY_17.mp4,9cTzlG-O8nA_0.mp4
9j9nei1ECv0_10.mp4,gKBFIwzjMto_2.mp4
XgYcuITUJqQ_2.mp4,eUogxXRPC7E_1.mp4
ScO8_gSXqJQ_12.mp4,RhtyNFvHW0A_5.mp4
tjBBL2ZtHt0_23.mp4,00I2Ofraf4A_2.mp4
IBjOZQCPPXQ_4.mp4,_W4Em_fHubY_25.mp4
ugzI9nUPlOk_6.mp4,_MuxVqB3I7E_1.mp4
OSzVmnjFsYA_2.mp4,MXeui-RdpLk_1.mp4
WMZ27bX9ty0_3.mp4,YbrL3c8NIC8_102.mp4
xqsDUwDwdUM_0.mp4,ZwlQdSE1LdM_0.mp4
obsy9mAQCh8_1.mp4,orrzs7geXU8_13.mp4
bKQ89S6oJco_1.mp4,8rNVaY7Stt4_4.mp4
XWAuh7S1zjk_2.mp4,CYO8cs7VRMc_0.mp4
W2SUOARI7z4_13.mp4,xu_UgfGriXA_26.mp4
jyNtMzHeJ6I_0.mp4,vo6z2vRSwfc_0.mp4
t2zlEKKzerA_0.mp4,Yk84fGy3q-8_5.mp4
MYcsUTqNjNQ_4.mp4,Wt09aITWpA8_0.mp4
QeWifFsvr8o_6.mp4,iJ_DrM05hp4_3.mp4
CEjNfCl026c_26.mp4,Fp-BVV5mMa0_0.mp4
UEjGEXAndzY_16.mp4,iIXQLZWp0Cw_4.mp4
5LP0g9P1KX4_0.mp4,2NkV6POGLOc_1.mp4
G8EmmhP4Cyk_5.mp4,g511NYTRiOE_2.mp4
ihj2DgVQbwk_3.mp4,Ug6yhGuDcUQ_2.mp4
MQ3DLP-55sA_1.mp4,Hda6MwCdwI8_1.mp4
GKsKm9KYbaU_3.mp4,hf6biLAyUxM_6.mp4
2FjQQrxBhwQ_6.mp4,RKt17dM8eFk_4.mp4
-W8pOz1fsD0_1.mp4,VQnpoBRTaBU_0.mp4
1dLZuGiJRXA_1.mp4,9CjMbFa2Oj8_2.mp4
QaFqZQ6JQhs_22.mp4,RxLb-Iqyqps_5.mp4
6UWhjaJlxVM_4.mp4,5Q1f6Oij1NQ_0.mp4
c0N60xOU9yk_2.mp4,dvbePi1o_Q0_12.mp4
Pw7tmtUsUNw_5.mp4,t7BPFTnDsJc_2.mp4
4rGia6hIWmk_3.mp4,KdPdkcWcL0o_7.mp4
UVdGhQGRtSc_19.mp4,jBvjrK-pgrA_37.mp4
P_OT5s6CEjU_35.mp4,8PX0z-PatVk_4.mp4
ilG8mzbHNNI_3.mp4,7y4iQ-ovdQE_2.mp4
g0Rliv9R1GE_4.mp4,iJ_DrM05hp4_0.mp4
bVZ-eIag2MY_1.mp4,0O35rDdcoL0_0.mp4
SG0MOcrL9cs_1.mp4,YUk29ejEoas_0.mp4
hEpYavRa8j4_1.mp4,W98LPZXSzHE_0.mp4
4BbdosSV3J8_27.mp4,9zZLmOA4OsA_1.mp4
Tn44a8_14LU_4.mp4,qgp4uS-OWtg_0.mp4
taL06OVt4kQ_1.mp4,a4Y94tV5M2c_0.mp4
8U5yC7PYjEo_2.mp4,ipkF3xkP63M_0.mp4
0s1UUn9aSSw_1.mp4,dZxur5_0vmc_2.mp4
vfzNOq63CY0_1.mp4,QN8ln3Hx1mc_4.mp4
_sPYDzoLA_c_0.mp4,Tn0Ge0GIoGA_4.mp4
08lpA2agVJM_3.mp4,8tRST2F7E-w_5.mp4
jVGNdB6iEeA_0.mp4,WWlI5ftiQTs_0.mp4
MzXkiK4ROhQ_1.mp4,T3Hjiv-zUos_0.mp4
v8FnPdj04Mc_1.mp4,3oqt6V9aJIM_0.mp4
QeWifFsvr8o_4.mp4,HF4NYDwWpFU_4.mp4
Cu5F2Z9mKmo_2.mp4,pOPoWF3vvR4_1.mp4
xK-_tIjjIY4_9.mp4,xCvyw2bipUM_1.mp4
RV0EbFEZpT8_2.mp4,pFT84C7tmdE_3.mp4
Y9OrRbeB-rU_0.mp4,Z6RLr6cDKNg_42.mp4
HrFlTjySp8E_0.mp4,Mb-ynUI4Me4_8.mp4
RyevycwXzn4_34.mp4,Fi_ly7HTSzk_7.mp4
6C1stWCPRfY_47.mp4,FWMNDgOPTBY_6.mp4
KTugpKzfZJk_2.mp4,9als9BvCYbQ_1.mp4
0O35rDdcoL0_20.mp4,zqedeJzi4gc_3.mp4
fmqHxRPGzC8_2.mp4,bJNpX5bfXcw_0.mp4
kbjn2bLyi84_0.mp4,L6nbABsfKrM_7.mp4
EqJEvqkPL9E_4.mp4,aKAp3q6Bv8w_2.mp4
SnBObwk5JF0_0.mp4,1SoU7uf7bAc_5.mp4
qoK34Nk4VMs_2.mp4,unmu4yKfBg0_2.mp4
n80QtP2x4e8_0.mp4,QiCNpDYavbg_2.mp4
ivGfI_8TE9I_3.mp4,oN6VvdPnOzM_4.mp4
f5umSa_YYX0_6.mp4,OMfY0fDQqYY_0.mp4
JSD393S-_yM_3.mp4,x3sH0RqVPhg_0.mp4
zlfMo6Qe2o8_5.mp4,PI8G4wCa8m4_0.mp4
gTgm44dkSCY_5.mp4,gR4ViPKa9iA_4.mp4
UgeVe8WrNEI_0.mp4,ufllQr0ClXg_1.mp4
1d0rtyVOQpA_2.mp4,hSiFAK-p-Lg_32.mp4
f8X5Qj9jAAI_0.mp4,j40IcG_BZuc_1.mp4
2Wq3V4Rw1OM_4.mp4,TuOYe44bL0U_1.mp4
ScO8_gSXqJQ_17.mp4,lP8EYYjPEmc_2.mp4
PP9o1giR4-o_6.mp4,V4ZyJR30wyg_28.mp4
bD8bl3omDIU_1.mp4,0xoTpKF8-XQ_1.mp4
lR8KTwcC8fc_0.mp4,1uIBRC3xMEM_29.mp4
32LChHJOCKI_3.mp4,iSF9PCk9lSE_0.mp4
w_e5kx3ONfs_1.mp4,4_eAqSqU5LQ_2.mp4
6_w07OR3H0E_9.mp4,LjJ276Dh1jA_25.mp4
A65Jq6NKdeI_0.mp4,2n23jD-f_gM_0.mp4
agYpqGEKNvQ_1.mp4,gq1gSTF2oyA_1.mp4
FkFqbOPUWYY_1.mp4,wtpV_uGGFT4_0.mp4
AoKtg7t1Y0M_5.mp4,UKDyYcJN-ZU_5.mp4
Dh6M4SEdLdU_2.mp4,KdPdkcWcL0o_2.mp4
hZXbb8er5ho_0.mp4,W64977o_FlY_2.mp4
LoLBuoPL7nI_0.mp4,cMmi5sRe8wc_2.mp4
MzXkiK4ROhQ_25.mp4,7n619EfuSPw_4.mp4
SAK2kObsiMY_15.mp4,djXfYPDykrA_10.mp4
4Bf5DJV8glE_3.mp4,1QC88NQZM-8_0.mp4
Eyn0AxJEXH4_4.mp4,hSiFAK-p-Lg_27.mp4
88T3elu2wfE_3.mp4,plcl4YShR5Q_2.mp4
sBHj5j5ezK0_0.mp4,-7mzQx0ebqk_3.mp4
dpYFjrkPvUQ_2.mp4,3JAand5Tjj8_1.mp4
XEqlq0MJK88_2.mp4,1vB_yscyAL0_3.mp4
QffHIpIrxPs_6.mp4,bN6EF3bXpLQ_0.mp4
rTso6VBF4Hc_5.mp4,3vIsXcfPGO4_0.mp4
10r3vyu-zDM_5.mp4,9rTcIUk9Aio_0.mp4
orrzs7geXU8_19.mp4,k7ISXq1EE-g_29.mp4
awVhEg_zpJE_0.mp4,tnfwCM-yd7M_0.mp4
XwEZcQBsWxQ_4.mp4,RmxqK1np7rY_5.mp4
tjBBL2ZtHt0_5.mp4,8DrF70mcr38_1.mp4
S64LeYg3Tg4_0.mp4,DQc2kooH02A_3.mp4
ptOc-HdvEW0_1.mp4,gIPZG15Hmus_2.mp4
WhEr86CIGAE_1.mp4,Z2X4DqYuURw_0.mp4
7dw45dGMGNY_2.mp4,mvYdMO5ZfYM_3.mp4
WypQBriMC_0_6.mp4,K_NTydd3MqM_0.mp4
H45oXDxEADg_8.mp4,_NKXqc5vAN8_2.mp4
FzNZS7-Hsdc_1.mp4,AUPdPriOg6I_4.mp4
LJgqSSZpdns_0.mp4,E4mJfykwGBk_4.mp4
uoCBnB2IgAM_0.mp4,xT7F0eKfctg_0.mp4
kmr68ZevIrM_2.mp4,d3GuRk17dsU_2.mp4
UqStvc107-M_1.mp4,xGoRE2NsRGI_9.mp4
ui3pnIeA_HM_3.mp4,EePq-UOj-EA_3.mp4
9CPoBUdNxZ8_2.mp4,gQ-she8Xneo_0.mp4
8ZHf9O-PWPc_2.mp4,FQoR9fu-CIE_2.mp4
IPXeiS1tzr4_10.mp4,M_bzbtdfaik_0.mp4
_W4Em_fHubY_37.mp4,THpaAUB8TIg_1.mp4
rrMvGHoW7aw_8.mp4,V8M4lPWWr3o_0.mp4
YkfEc-PYJ8A_4.mp4,bMsiQplcZHA_1.mp4
YbrL3c8NIC8_93.mp4,hAbVFxYi_q0_2.mp4
wqzMMadF7Ww_0.mp4,VukBd-C9nrs_0.mp4
fR12ZWgsKyA_1.mp4,VukBd-C9nrs_1.mp4
SUKdlcCiE60_4.mp4,1ojkAo0G4_s_0.mp4
FWrhULS1gEY_0.mp4,cZ3PlWc414Q_16.mp4
-3KCgSpt3hU_5.mp4,4KaGilcZWpY_6.mp4
8NWCghjb59k_4.mp4,mpgaMjGOeJg_0.mp4
X2X3DxFAFlQ_1.mp4,3pw2hEwfknA_5.mp4
2vAbXyxt-Jg_6.mp4,-37Mhsak-XI_0.mp4
k7ISXq1EE-g_13.mp4,cNXkVo1jnNM_4.mp4
6dhM6dP2eSU_2.mp4,yUL41HowlkQ_1.mp4
7FyjCUDR0IM_22.mp4,uvb505WqWFI_7.mp4
mosud89rXe4_5.mp4,s7Es_v1NlM0_4.mp4
R50SX9B-4vU_7.mp4,Ak8uiLVkpy4_0.mp4
gC4rYtR9XCU_26.mp4,JFo6iLDNzX0_1.mp4
zW2T9TkSIcM_16.mp4,qhHW5JGhX6A_0.mp4
0KbxR3VjAg8_1.mp4,4JaQEdq-LVQ_1.mp4
uV-u-N8RkKs_2.mp4,D6DPbztWi8U_0.mp4
OqpumEZmxa0_0.mp4,daVOnsL2wkU_1.mp4
KbZQdFPxeXE_0.mp4,M52Xp02UILA_1.mp4
wEP_8v33-yU_0.mp4,YXt8RmeU_AA_4.mp4
Tsk9gCcchg8_0.mp4,sGheBCPOe8Q_1.mp4
SQerVINcUcE_2.mp4,Md12rwlpeFU_0.mp4
vEFoOcev00s_1.mp4,oudYhywAWvw_1.mp4
YbrL3c8NIC8_81.mp4,G4v6zjnoKfQ_1.mp4
E9paF0XzmtA_4.mp4,xbEnbf8xGv0_0.mp4
MsGWeM9ghDI_3.mp4,_W4Em_fHubY_7.mp4
Qrpc5_0eDRU_0.mp4,XT-p8MY1JMY_1.mp4
QHuTlVI2zgQ_1.mp4,xfB_G8DW2TU_31.mp4
XcMH5ntEWGQ_1.mp4,x4mgu7Q0rUA_2.mp4
pGCyc8pv75E_6.mp4,oaqSAdVXx-o_2.mp4
68skjB-WHFA_1.mp4,n1GlWng3oOQ_9.mp4
fPfL5rDx_NI_7.mp4,vwRxwSLW6rU_1.mp4
6nVboqirClU_9.mp4,D3QL19lmVFM_6.mp4
OM3lPslDFrI_14.mp4,FJC0s_mflrk_14.mp4
vi9m0JRo71I_0.mp4,1q-FL1Wd0EE_4.mp4
-rjR4El7qzg_2.mp4,cZ3PlWc414Q_15.mp4
cCHf8FxqzJc_2.mp4,sGLXPj003o8_2.mp4
1zhGxZT_W_g_5.mp4,Qu-tIbapR3A_7.mp4
2kdSBZ2QieY_0.mp4,YtktNetGOKU_0.mp4
9nq78d6CRTE_9.mp4,vwOQMK_9pXg_13.mp4
I_Ld8Rtl-Gc_1.mp4,8j1RGtBEagI_1.mp4
paHMiEXDMaU_2.mp4,iJROOxmADv8_7.mp4
0vcXvLUt1E4_1.mp4,xK-_tIjjIY4_23.mp4
_QAezsySGEI_4.mp4,Mj8MVI1tuvA_3.mp4
m8XPPI58rnM_0.mp4,q0gH-5REL0w_4.mp4
jMZjU_UjNys_24.mp4,dwK_rODYMrY_1.mp4
08lpA2agVJM_4.mp4,KuStVllxFuI_0.mp4
2yI50UZ9C4M_3.mp4,8QzFJA3QM7E_0.mp4
8MabjD-qC_M_3.mp4,T8VS0lBwY7U_0.mp4
JiI91igl180_0.mp4,c65PVrGBMtI_5.mp4
DQaHIFC9034_1.mp4,qAawO48Npcs_0.mp4
kCb1R69h92Q_2.mp4,55rND5NAbBs_0.mp4
-cdk5mhKuWc_3.mp4,dUoKiRrGu4c_1.mp4
ivGfI_8TE9I_4.mp4,4Ps1V3p3GdE_0.mp4
RsJmRjseSzo_0.mp4,YbrL3c8NIC8_52.mp4
NxCa0cVaxQo_2.mp4,S3MGT2fahAY_0.mp4
WWycD6X8q8s_13.mp4,xu_UgfGriXA_108.mp4
u6Id2mBsD7o_16.mp4,6Mr9bQJEuN0_6.mp4
SM2LxRKqYR8_0.mp4,qqwKPx85ZlA_6.mp4
qKlwyKD4aKA_1.mp4,7AajEaNH7g4_2.mp4
ZVYqgUcQBbk_0.mp4,CI7O5ueP0wk_0.mp4
eSHy8q1MP00_9.mp4,yKkfJF4XM6M_2.mp4
Q1-jHyQHGl8_4.mp4,dWlCz1ed3yE_14.mp4
UF2c01_glHU_0.mp4,uGfV6cTXeE4_3.mp4
xCtnEy2Flt8_2.mp4,xXwFCKPVaeU_4.mp4
4JaQEdq-LVQ_2.mp4,KnPfaGzmt4M_2.mp4
hdjUPGK7-x4_0.mp4,iuGnUUycYYo_1.mp4
gX57uKMrxp4_4.mp4,TodhbrmS7B4_0.mp4
USWXF1XW2zo_1.mp4,yo7zTG1l-Oc_10.mp4
uEEi4cpziUU_0.mp4,k7ISXq1EE-g_28.mp4
M3MwWCqz9uA_6.mp4,bkd_z_-gfZs_4.mp4
U8IsSkpqyOY_4.mp4,zwrE99cctuw_24.mp4
n1VEmXiaFY4_2.mp4,dqOYWPemcQ4_13.mp4
l17e0M4TTBA_2.mp4,agYpqGEKNvQ_4.mp4
xmcL9wNBRZU_0.mp4,n-VauKCseqU_7.mp4
Uu3xazfdmvk_11.mp4,ae6Yia6Rk7I_52.mp4
g4FOpeshqA8_1.mp4,_5ukjsqqLg4_13.mp4
b0KSEziycmw_0.mp4,isFVKJA4E-k_3.mp4
XDmfBTgIRUg_12.mp4,7tW66KxBOaQ_14.mp4
HnKmwbVpRno_1.mp4,meVHiqX5mb8_0.mp4
iViIy5ci5yU_14.mp4,dgdEr-mXQT4_6.mp4
okLLF3m_6n0_0.mp4,QPbUj6Ks8j4_0.mp4
xu_UgfGriXA_50.mp4,RzKO_yFUe4I_1.mp4
iwuVFoHiCJk_1.mp4,PkCHph5l92Y_1.mp4
0jSVwZ8w3C4_1.mp4,gW_OSQgHhAc_8.mp4
rTqZleUXhC0_0.mp4,I68rpTRe8CE_0.mp4
JYp5uIodwEE_3.mp4,YMyU4VxZ674_0.mp4
vBYPhjdDmJI_4.mp4,UXJPyz8f2Z0_5.mp4
U_EHjgfYhys_0.mp4,2UOL-ZHUOC4_3.mp4
TSclZRaacyA_4.mp4,H45oXDxEADg_1.mp4
ikWTYTomQI4_1.mp4,d82LKPNesE8_93.mp4
6_w07OR3H0E_10.mp4,nC53zo7-FCg_4.mp4
ddsbk0NkDTk_0.mp4,RzKO_yFUe4I_7.mp4
AHjOZLikqoM_1.mp4,PFBrK7pbqCU_26.mp4
Mg0bvyIEHcs_1.mp4,uhH9ewIEbnU_0.mp4
7S2ffMUk7iI_3.mp4,fyJw6tjIbWU_0.mp4
aBpwrORhKWU_0.mp4,9WQnbIVJZjs_2.mp4
SNOFdP7OYyQ_9.mp4,QDroSLQiSRI_2.mp4
ZOpRtYLIoZ0_7.mp4,6IXtQx8SwBE_2.mp4
Jv7PzcVfULc_2.mp4,ulALOA2LeNw_0.mp4
d82LKPNesE8_160.mp4,FQeoB_lTbf8_46.mp4
ZXkKHnmKWoI_7.mp4,euQ1VaiXRoQ_2.mp4
YbrL3c8NIC8_51.mp4,hZXbb8er5ho_1.mp4
E-mcKrTR_b8_1.mp4,mAWdamFH2eE_1.mp4
Tv5BC6yJ61o_1.mp4,LfSLyM9XiCw_1.mp4
C587hlYAuxA_3.mp4,rLtmIBRWQVQ_0.mp4
QAxHWbCQyr8_16.mp4,ES496lmmGcM_1.mp4
IbMavNddq_I_6.mp4,jypAc6XYFfA_1.mp4
apA0290YtFs_2.mp4,bskMh0LTZlw_5.mp4
TnyG7X-QGKs_10.mp4,_IT9jmLChDA_0.mp4
rbtZuYVWt-c_1.mp4,ctLnaDxvAFs_2.mp4
0wLgQQGob1U_2.mp4,GTlq5t1Wut0_2.mp4
Uu3xazfdmvk_22.mp4,ns3j2exbdbU_1.mp4
oOSpZzCDxEU_1.mp4,ooouJuoeQ1c_9.mp4
hSc6bDiEP40_81.mp4,T4Z1mnjLwiA_0.mp4
7kGm_xBgi1k_3.mp4,MpiqRi2JW4M_1.mp4
xuphB-zbmPk_23.mp4,ydFjplhKYng_0.mp4
3_5kSQS6gFo_0.mp4,xqMXREVvGR8_1.mp4
2vAbXyxt-Jg_7.mp4,K6qGwmXZtsE_3.mp4
xohimahgZNM_6.mp4,2kymD_HxRfA_0.mp4
LKXcDIA7P94_0.mp4,oWcrHykKKV0_17.mp4
yLElO7gxXPo_40.mp4,wQ5uso-R6aY_1.mp4
xyh6G8sAoyg_65.mp4,q9jrlOWQkI8_0.mp4
IMuAOVTXtLM_3.mp4,UF2c01_glHU_1.mp4
Kiw89e1mHpM_0.mp4,qYZw_tL0j9U_0.mp4
Y3Y3HySArOU_0.mp4,UCYakzpFafA_3.mp4
EroyjPcw3sg_3.mp4,FMPBq5B8kyc_3.mp4
J7lRDOY0yBc_0.mp4,m20kHNUEPoE_2.mp4
EK9aDAUBBhE_6.mp4,qJznSue3tEs_0.mp4
DJTF3NmqF7U_1.mp4,wlHIrFpFfo4_1.mp4
dvbePi1o_Q0_7.mp4,H_pmwvIvi9Q_0.mp4
sQg4ntsHC_Y_6.mp4,cJyhEAxnQ-U_2.mp4
a7XZaIy4a9k_4.mp4,zV3AZFuaJVQ_5.mp4
mIeU7y3CGKQ_0.mp4,tNpPUmgPY0I_23.mp4
5iCkD8koCwg_0.mp4,bVziaB5v-CI_3.mp4
izeHgM_Dx4k_4.mp4,yKqcBnmZ0jQ_0.mp4
2WNN6PbR_Gk_16.mp4,xucnFkya8RA_4.mp4
Z9GWGs0W3es_5.mp4,jBvjrK-pgrA_5.mp4
_W4Em_fHubY_2.mp4,O0fQ_rrQedE_0.mp4
wqYG3IMha2M_1.mp4,J2AZJQTsNTY_20.mp4
TcndF9QpYAU_2.mp4,s8OTs3CKJsE_0.mp4
OVq-dkTSLcE_0.mp4,aWsc5Zc9kyw_46.mp4
MVRR0XlqA4g_1.mp4,kswPGoPPdwE_2.mp4
zQTDoxrgBeU_0.mp4,4Bf5DJV8glE_8.mp4
L4zn1STjtms_0.mp4,0EQXnRlIbXs_0.mp4
XuNDB-xL6uc_8.mp4,7EfFmd03YKI_0.mp4
73Pm3rkTzb0_0.mp4,3RGqjcBtsrY_12.mp4
Dwiczhta4e0_4.mp4,1uIBRC3xMEM_19.mp4
cmu1VzO5N9E_13.mp4,LJye4-HVyCU_0.mp4
fZNHk9DKvtM_0.mp4,eKCpwUXh_Qs_2.mp4
4c6iWp3HOVU_0.mp4,edK1ZZsVpK0_1.mp4
7ALP_3eWKZg_0.mp4,pXGsio9H1xs_1.mp4
aBGpbCaRXt0_5.mp4,T6BDCLnWSes_1.mp4
EAHtuvutLE8_1.mp4,pSEgCOf_lc4_2.mp4
jbATk5N5Ai8_3.mp4,UqO0E4rcI5k_29.mp4
TisD39MfTGM_2.mp4,duJbr9rkuRM_1.mp4
zFDNg1Swx0s_3.mp4,_zjqM0Hmk2A_4.mp4
h5f5GgqVWes_1.mp4,ASFBjDiihDw_0.mp4
bVR_QqPabkM_9.mp4,orrzs7geXU8_16.mp4
0mz59i898HU_0.mp4,sb8IU6c5obc_5.mp4
zQ-EkEju99M_3.mp4,pKeiV3Ipddw_9.mp4
W9dkqIcvdBg_2.mp4,bo4Ff0CttvQ_4.mp4
iz3ETniN1NI_0.mp4,6wC2DqFJ7UE_0.mp4
0GcN2AmAG2Y_2.mp4,1EHo4n1ppTE_0.mp4
gA-VU0mczSI_0.mp4,i1UEj_6T1RE_0.mp4
NHDA6rk-bek_3.mp4,Z5ck_82lqCo_3.mp4
zJGumIG9Lzo_0.mp4,cNiuEFffzf4_3.mp4
_tdW7RK6UeM_1.mp4,0tjBBO2SUbE_0.mp4
lwfuUyTMpVY_0.mp4,NC2bnwaShGs_5.mp4
9LkS2gHanlI_1.mp4,U97UagTDW_0_0.mp4
i65EoVftrM8_5.mp4,1kYDt9BZ_uU_16.mp4
lM2cJvNwcgg_0.mp4,VLgGBz6rZvw_13.mp4
HUPoWdZ1ZdQ_1.mp4,Em7cOMAkKv4_21.mp4
YiIl9Uc-UOQ_25.mp4,yqlp_OUWT9w_3.mp4
JVqR-wAWZsQ_1.mp4,cDoyywKt1_0_0.mp4
tmZiGfLVs8w_1.mp4,KwIg2QMWVOU_3.mp4
g3WSsm57iVM_0.mp4,Kykx21Xekmg_0.mp4
aDJgv1iARPg_9.mp4,aD4ZPXHAVCA_0.mp4
I44NZgYW6_4_1.mp4,NKjZRRw3-Fs_7.mp4
Dl8me9oZC2E_6.mp4,3IUoqFHJ6wk_1.mp4
2zSE8r8jU_U_1.mp4,3pw2hEwfknA_1.mp4
4OEhuma-rrY_0.mp4,NHg_SEfj38M_0.mp4
DuZ8h9OKxcM_0.mp4,1dwtsZ4IJQE_9.mp4
DL5pfHGScCc_0.mp4,59wvo9e2XQY_5.mp4
QAxHWbCQyr8_18.mp4,ECirl_sSf-M_0.mp4
Dsz-h_Us5Ug_0.mp4,FtPj029E3Qk_7.mp4
IsBB4i4k2PM_4.mp4,pw2l3iiBbAw_3.mp4
dqOYWPemcQ4_2.mp4,F96AJhJreqo_5.mp4
qAfsU2gI408_0.mp4,1uIBRC3xMEM_33.mp4
pEjYugAf3i4_0.mp4,OCerM6N6ErQ_5.mp4
D4sj2Yq5bnU_0.mp4,FuYjhxmpoOQ_1.mp4
BW8BHRYiVZM_0.mp4,VCLL9aD-VKw_0.mp4
cyel18g9q0s_53.mp4,5qKySTAWpiY_6.mp4
JDQcnQpxOj8_13.mp4,TnyG7X-QGKs_4.mp4
-_Bdf9C0SAU_2.mp4,a9J8GaeDqVc_0.mp4
gpFSAWe9uCU_2.mp4,FFnlaQlI1So_3.mp4
RxFBi3z1i3k_1.mp4,vxFr0xNspFU_0.mp4
Vyrr1vSRYjs_0.mp4,Ua5tuVXdXSw_0.mp4
z44rjI-cRfA_24.mp4,Dq17P7VTEmY_3.mp4
ma7zprvD7UA_0.mp4,JDQcnQpxOj8_21.mp4
OHN9xZywzm0_0.mp4,EXwr6U_YypE_8.mp4
Bv7OBXHKPMw_0.mp4,tdvj1iOOUE0_0.mp4
ncnq2pu4PlE_5.mp4,7WLQv-TqEpM_10.mp4
MzXkiK4ROhQ_17.mp4,XBz2wuGU9Cs_0.mp4
TjCg9HWi4a0_0.mp4,NtxR-xgJWwo_7.mp4
FQH9s2dJe50_1.mp4,VbJgsN5PcyM_0.mp4
_CFsYMzD5is_13.mp4,RFWu1N9hP40_13.mp4
ijHD8JxlKBw_2.mp4,OswLxjrwQf0_0.mp4
pFXW-7VNngk_2.mp4,60zP_95XKws_0.mp4
ARjeK8cu8JY_9.mp4,R81ZAKQzJ5Q_1.mp4
J-vYXU4vqcY_5.mp4,Amk7FvDZTeM_0.mp4
_pin0H9Udho_1.mp4,Zc3wIAs3coU_3.mp4
WQvT1_tQDhg_17.mp4,jBvjrK-pgrA_35.mp4
XupNxI6shYA_5.mp4,J1oI2CHFgPU_0.mp4
dAzuZ-V81I0_0.mp4,XqmCa8WjX5Q_3.mp4
Jygs4gYq0Gs_33.mp4,6K1RzetttOA_23.mp4
3NYH-zyIfZY_0.mp4,bVR_QqPabkM_17.mp4
wxhUTK7xbz8_1.mp4,GrjEDguF59Q_4.mp4
oEg4GH93aCY_0.mp4,YWytstKCSbA_0.mp4
W2p3HK_KxKs_2.mp4,Z6RLr6cDKNg_13.mp4
_DQAqotwgd4_23.mp4,6K1RzetttOA_54.mp4
4AY4OziyqyI_3.mp4,6CeSAlrg61I_6.mp4
5vBaMhxpEfo_2.mp4,UZnEqDr9PKE_0.mp4
dXqs6yH3KF8_0.mp4,b03jg5np3YM_1.mp4
2WNN6PbR_Gk_4.mp4,f3bUF4CWX50_3.mp4
Ke-MYW3XORg_0.mp4,EBnn_Y29Pks_3.mp4
bMsiQplcZHA_5.mp4,4TsgjtL0Qx4_2.mp4
_NKXqc5vAN8_18.mp4,fw5N8DF4js8_3.mp4
81XTZOlNHEU_3.mp4,Bzhb4P3Orj4_3.mp4
2VXcBIXh2dY_1.mp4,7uSfWo-jr8o_3.mp4
qfEkv726kdQ_61.mp4,mLEf3rws1S4_2.mp4
0GnWYtQKWVo_7.mp4,k7ISXq1EE-g_12.mp4
EroyjPcw3sg_2.mp4,EJxTarYObBU_3.mp4
XWH0suuLB0o_0.mp4,NtTgpzKKGSQ_1.mp4
Eo6Gh4WR49g_0.mp4,3otEW3PQG2Y_1.mp4
yTNjsgJ1wwc_5.mp4,BZPjs_ktGWY_0.mp4
DCThJoIT-bY_3.mp4,AcSDeQhGGFM_4.mp4
bYw2XJ2QQdQ_0.mp4,2dD7upKpLks_10.mp4
EVmLV7swH2k_1.mp4,RM2N1w6t1KM_0.mp4
tv_xMisf9oc_5.mp4,kiknTaanIVc_0.mp4
yOWPY3g2yGk_3.mp4,ZeM5zjbcmsc_0.mp4
HQMzDGJHmQI_6.mp4,hgd7_w0BG8Q_8.mp4
UVdGhQGRtSc_20.mp4,RDrZm6eEY6E_0.mp4
gwY85_MC_AY_2.mp4,IQnx4SnIE7k_0.mp4
0spUTSnbMqA_1.mp4,XvOKgNVwLes_1.mp4
YkfEc-PYJ8A_6.mp4,7mW6Gp0jQFw_3.mp4
6x0i-FfeA44_0.mp4,-5be_UPkLRw_2.mp4
fB_fwuJOx7I_0.mp4,KKD0B8uROMI_0.mp4
VF_-AB2-Ux4_6.mp4,kP5GKIrGoeQ_3.mp4
M06vK9jjMeI_15.mp4,AJRGRSpDMVE_3.mp4
Jygs4gYq0Gs_21.mp4,bVR_QqPabkM_18.mp4
O0UH-hyZnHg_22.mp4,Da7GSy-6mJY_2.mp4
WFGyCzl7_zE_0.mp4,10X4Th3YE30_2.mp4
Pap7PV_6lqA_0.mp4,17Km-P0IJZY_19.mp4
ZpmCdIS3TKc_0.mp4,4KVB6wR3fSY_3.mp4
1GvlSPJ37Hw_0.mp4,Pw7tmtUsUNw_10.mp4
-YaPh7shnWQ_3.mp4,q9X6tpvxZyE_3.mp4
2Wbul0Urh20_0.mp4,DUB3sMP5shA_3.mp4
xSVasSOEG28_0.mp4,ASa1YGUf5q4_0.mp4
Gdpx9aiEtmg_1.mp4,loplgvKW-iI_6.mp4
aU9RYKxkRJk_0.mp4,ftuBSN4NwSA_3.mp4
kX1pwlsL40Y_0.mp4,cNWSboE5FKo_4.mp4
FfmeYYh_HWI_6.mp4,hgvR8fVVMlo_17.mp4
vwOQMK_9pXg_5.mp4,u-nFF19McAg_3.mp4
uqFt3ssT0QM_6.mp4,IiUmOrBplcM_11.mp4
_o82RAWs8Wc_0.mp4,Hddi6sivufs_2.mp4
0H8EmzfVSbg_3.mp4,wdB2lzxIfGg_3.mp4
2UrB8TI5El4_0.mp4,F_z8rUp4pS8_0.mp4
U34TdkLAPxE_17.mp4,-M4uxt8uDI0_22.mp4
z-3ETV74ygs_0.mp4,3PRuMx1gqdM_0.mp4
YNAv6w5RDIs_3.mp4,7qhNVDPZ-0I_2.mp4
yuQW4F1siis_5.mp4,Dl8me9oZC2E_17.mp4
-WbsnXGKkIg_3.mp4,qYCEXS6Ws_c_2.mp4
-kHMOXNsE2k_1.mp4,D1TC1n9lhXU_0.mp4
XlZUBUSKbFk_2.mp4,2UK1aSp3bUY_9.mp4
dNjbnQmb6vE_0.mp4,1Acvwko6Wd0_0.mp4
viRfGNQjgQs_10.mp4,4EWgdeVQzEk_0.mp4
vF-tPvPAqhQ_3.mp4,re_liKgRGew_2.mp4
aBGpbCaRXt0_3.mp4,Mfcqb8DD400_6.mp4
5crxHhe5b7w_4.mp4,oOSpZzCDxEU_4.mp4
0_fxk-j71po_3.mp4,GTlq5t1Wut0_1.mp4
v6yVeJP6Pp4_2.mp4,EDEeyk50nDQ_24.mp4
UVdGhQGRtSc_3.mp4,R14fs1RK9Pw_1.mp4
qhZFtomQaxw_44.mp4,ADRGgyhX4YE_0.mp4
Jyr8R8cSGdo_0.mp4,zLKCXUGISSQ_0.mp4
wTf4njh9TnE_0.mp4,sZ0BevZEKrc_7.mp4
KblaujDjQ4g_5.mp4,UBOcWFBBB04_1.mp4
yHf9QshbQeE_9.mp4,mHUxd-3DL6Q_0.mp4
HTSejaU_TrM_36.mp4,2dvchK48Z-o_4.mp4
-2KGPYEFnsU_11.mp4,ZEwg4041Q9M_0.mp4
mwC1Bi9h7z4_39.mp4,tWSptD7rtnY_1.mp4
oc_KU3CPOo4_1.mp4,cUyOM3qoXCs_4.mp4
QiCNpDYavbg_3.mp4,K_MIECLQ6vU_0.mp4
5EeD0NiVALs_1.mp4,Mgh_pqpSbfY_1.mp4
YiIl9Uc-UOQ_4.mp4,3NUMcmRDlDU_17.mp4
kKJD3DhEab8_1.mp4,WiD_ODY5q_U_0.mp4
unmu4yKfBg0_12.mp4,NZ2qhFm6LO8_2.mp4
UT7io8i9SMA_7.mp4,g95ZXrh2oK4_5.mp4
L7ST8ob-Uvg_17.mp4,_AmKz3iZ1K8_3.mp4
W-Z2Xp-eE5w_0.mp4,dtgOzzBMl2o_0.mp4
RhtyNFvHW0A_32.mp4,QxrBZStJOGk_0.mp4
vKDngSIf1Io_3.mp4,Dl8me9oZC2E_15.mp4
lmXulmt7HQY_8.mp4,D01cKQMu5Ew_1.mp4
kfn6lT6JwTE_8.mp4,CB5qzQrDnZE_1.mp4
Mc_zp1s60NY_0.mp4,nl6oRRoRscU_5.mp4
OKx2uVdN6TA_1.mp4,mTfDUGj_TaQ_0.mp4
ae6Yia6Rk7I_40.mp4,3JBxvKU8lDA_14.mp4
q3rjgMn0kRU_5.mp4,AMT9Bl9z6eY_0.mp4
4YFz0PJernc_2.mp4,4HgHU5fVqbI_2.mp4
U4fnEAu1--0_0.mp4,LT9vKS-myFY_11.mp4
hAM4z_uatps_2.mp4,0lfdsM3s-eI_6.mp4
3Iambpg_8w4_1.mp4,nh8mjiSlAws_0.mp4
OS2h9MfSri8_16.mp4,a7XZaIy4a9k_2.mp4
9nq78d6CRTE_10.mp4,Wmo60ltq-TA_3.mp4
Q4r4jGPegHs_0.mp4,E6G3JLzSrU0_6.mp4
SKTvxXjJ_MU_0.mp4,_qh-4JFLd-s_2.mp4
2sxWzPDcvdI_0.mp4,1vB_yscyAL0_11.mp4
Tn0Ge0GIoGA_6.mp4,O5myBWyJISs_10.mp4
01ClRWyf9I4_7.mp4,8pi1bm3890U_0.mp4
4XowsN9loWE_10.mp4,wzlxR3dKjrg_2.mp4
0bR6pUOhZo4_0.mp4,EOO8TwyVFYI_3.mp4
uX7CAoxBNOU_0.mp4,yZgf5wSULog_3.mp4
tjBBL2ZtHt0_40.mp4,VwkGKFFk-F4_8.mp4
LdwClcDvVao_51.mp4,PI8G4wCa8m4_2.mp4
s1xlrQ5-yAE_1.mp4,J-fa9awvFBY_1.mp4
juNQcMYkfBM_0.mp4,6js-_sSJCso_1.mp4
WMZ27bX9ty0_7.mp4,JDQcnQpxOj8_54.mp4
f--BtuDI9RE_6.mp4,nNKsj8rQGHc_0.mp4
Ux6L0eRqDGY_2.mp4,LSYNpmc_1G0_1.mp4
xu_UgfGriXA_116.mp4,cuGs0oSqpBE_11.mp4
fV-wb1gZOyo_2.mp4,RCsHzPvqSgU_0.mp4
L0dWlIl6wpE_2.mp4,Lurs1FzrSio_2.mp4
cx8LpiW174g_4.mp4,6rVFFaIyfH0_0.mp4
QoJrjjy0WeU_0.mp4,R5nbIhWFFQE_0.mp4
-3KCgSpt3hU_3.mp4,9QJ2mqXdr5I_0.mp4
ImO-q-hTdAc_5.mp4,cFvxjIsjwoc_1.mp4
lU9mqgVL_nU_5.mp4,zaHU1FW_RZk_0.mp4
r3caUdX0ZEs_4.mp4,t-a9Zi8-n5Y_0.mp4
63fCYTWuVoA_1.mp4,GmvpP26J-40_1.mp4
H_0K4x7ktUw_0.mp4,kWjZx3bSDHI_2.mp4
K93YrK48ZG0_0.mp4,bp5EsDjNIZY_0.mp4
6qxQ2l1DC6Y_4.mp4,EGQ6hJMng20_0.mp4
bYt5SAF0M3I_0.mp4,EkwTIvHJ4t8_13.mp4
6C1stWCPRfY_83.mp4,Re5WOfcJg5A_2.mp4
HfEK1I-lBvQ_0.mp4,ae6Yia6Rk7I_48.mp4
KsimmeikE7w_6.mp4,hrYQ0tvx5VI_1.mp4
bfJpK67VODU_1.mp4,027eFX8NNgM_6.mp4
LjJ276Dh1jA_28.mp4,B_HMzGLSnWc_0.mp4
qv_sYpXDeuI_0.mp4,b03jg5np3YM_4.mp4
nl6oRRoRscU_3.mp4,D8Cra7i2kGc_2.mp4
BjnXHznhABk_0.mp4,h9lNAmVKH4k_1.mp4
Sp_ZkjTIRiI_0.mp4,gX57uKMrxp4_5.mp4
BuMBRD4LmZc_2.mp4,E6KKYD3eGlE_3.mp4
PP8BpNVk8JM_0.mp4,2dvchK48Z-o_5.mp4
vejLIHky2HE_0.mp4,1vB_yscyAL0_6.mp4
lPMSGTfK4Aw_4.mp4,jJDX5cbqHPk_11.mp4
wEP_8v33-yU_2.mp4,iXo8qxLvcSs_1.mp4
EDEeyk50nDQ_13.mp4,hsxRROsF4D0_1.mp4
v2qDlGbaqSQ_1.mp4,ygpI8R8qx-s_0.mp4
rSCm0viS2mM_0.mp4,sd2pBde6gkw_9.mp4
D8Cra7i2kGc_0.mp4,UtSE9OXHIgw_0.mp4
VBTrQhEwFqA_1.mp4,j0cqqCpIZHE_6.mp4
dLXri8sYr6Q_1.mp4,Hgn21dR35iU_1.mp4
UVdGhQGRtSc_23.mp4,MZaX-RbQ7ic_0.mp4
IlBmpyhCgcU_0.mp4,Ghexrw8bpc8_1.mp4
2r3ddBtpQjA_8.mp4,gTgm44dkSCY_6.mp4
PvClE7EWDzA_0.mp4,SOO8keLOtrM_3.mp4
6ya9GVSPiXs_0.mp4,fEsN1FMfBvI_0.mp4
tpfOhYRYv80_1.mp4,jBvjrK-pgrA_39.mp4
WN2XSI6vZIg_16.mp4,hgvR8fVVMlo_11.mp4
81oozSLS2CM_7.mp4,66NqQLxX7xo_5.mp4
dAzuZ-V81I0_2.mp4,-HWkUQJjVrI_11.mp4
mlN67R7Zw-M_6.mp4,JDQcnQpxOj8_11.mp4
6nVboqirClU_2.mp4,zLsZ0_645tA_7.mp4
k9utcDoerr0_0.mp4,9jL7oaQAPMI_0.mp4
Hddi6sivufs_24.mp4,FE42Xc_laYU_3.mp4
RbuWAcKWiy8_0.mp4,oqGij9ylbAk_0.mp4
FDektpHARj4_1.mp4,qhZFtomQaxw_19.mp4
tjwPKnc124A_8.mp4,EcDcNDlil_A_2.mp4
Veh9KV9fm6s_0.mp4,gsjKK6YRSbc_1.mp4
027eFX8NNgM_5.mp4,MYV1PBQoJEI_0.mp4
GWExJPcE3lU_15.mp4,4c6iWp3HOVU_4.mp4
WmOiz8rBlmw_2.mp4,HTSejaU_TrM_49.mp4
mZzkE03B64o_0.mp4,PkUS3Y9bR9s_3.mp4
-M4uxt8uDI0_11.mp4,IfZmBGcWkLI_2.mp4
mLyaYfdr-4o_0.mp4,8NCe-ymYhbI_3.mp4
aYDbZcWDe7I_2.mp4,2ATYV1LOIH4_1.mp4
kc7675SA-no_1.mp4,tv_xMisf9oc_4.mp4
oMt4F9ELo3U_0.mp4,Rszr56AH3Co_1.mp4
YYo5jJy61T8_0.mp4,kS5EQ1FVlTk_2.mp4
UVdGhQGRtSc_24.mp4,wNWy3YmM3Kw_0.mp4
SaaTUj7m8e4_0.mp4,HSPYgwP9R84_0.mp4
6CmxSs6Mmx4_0.mp4,mhme7umEU4A_7.mp4
h5nhyFFSweU_3.mp4,qWb5_LSlsfM_12.mp4
EZIAlfbaZRs_5.mp4,kwDvoO6J9nk_3.mp4
yKqcBnmZ0jQ_4.mp4,rTso6VBF4Hc_12.mp4
ZXkKHnmKWoI_1.mp4,sdkgpg4Plxo_3.mp4
mFH_r2w28rM_8.mp4,PJYZAww0pgI_0.mp4
NKjZRRw3-Fs_0.mp4,RasU0WycRQc_0.mp4
3nGQLQF1b6I_0.mp4,py7xqlpvCIk_0.mp4
6Tz9krF1K68_2.mp4,FAAKfmF5Jl4_0.mp4
d4Ljj8W1hE8_4.mp4,FtPj029E3Qk_4.mp4
ZhfnLoEOTyk_4.mp4,HzvL4MonF-I_4.mp4
8VZctic_uTI_1.mp4,RdG9KwpjxA0_1.mp4
QCS1Gnwbtp0_2.mp4,1p3QjGyGAtA_1.mp4
bdJcCwoJ4KQ_2.mp4,I4YMrzXRM24_6.mp4
eYYtm7zQLVQ_1.mp4,-KVNfZo-cfc_0.mp4
uAWektIBPUs_3.mp4,IsG-jJcrlr0_0.mp4
104ZQtfYDso_1.mp4,asXpJIA_arA_3.mp4
RxFBi3z1i3k_0.mp4,P_OT5s6CEjU_25.mp4
kKRVTK9WVwY_6.mp4,uzMEc37DGZA_3.mp4
nBYh_IDoAfg_3.mp4,Q0gx_D--iDw_1.mp4
sSwDncQbg28_1.mp4,UvTod_tSFjE_0.mp4
R2DhcfXooy8_5.mp4,PZABOyyEO0o_7.mp4
lXS7GWgCBWM_0.mp4,-5be_UPkLRw_5.mp4
ZVYqgUcQBbk_3.mp4,qvo_HDqOKww_0.mp4
ZfDnO-Nd-WA_23.mp4,xbc63s8SOX4_1.mp4
QAxHWbCQyr8_27.mp4,yQpFQFL-YLI_6.mp4
XF33SnFIDAQ_0.mp4,eIc9h4bq3VY_0.mp4
SVHAd3jwZy0_0.mp4,GCM5SoA82w4_1.mp4
TYC_FD2YXro_1.mp4,0Z0N4N1cb5k_0.mp4
oEg4GH93aCY_2.mp4,nxmaYsZjnXo_2.mp4
WWycD6X8q8s_2.mp4,h3PeXa-cTC4_7.mp4
Ent1UQJ4mdU_0.mp4,4PBvIs85CuQ_0.mp4
OoY4tOI7UbU_0.mp4,5ttoICpH0Vc_7.mp4
E3rB_qx0wRM_15.mp4,pWt-GnERki0_0.mp4
_HA6W9FfjTw_1.mp4,afMQp5zoX1I_0.mp4
v6qc6KivX54_0.mp4,BoGZH9krgjE_2.mp4
uo2cZGCQZOU_0.mp4,5AJvo1pc3sw_6.mp4
_5IVdeFrhv4_0.mp4,oY1tp2HG06w_1.mp4
-LCqZeb1de0_0.mp4,h9WDm1k4Hz4_7.mp4
G8EEFT_nm94_4.mp4,fXoG9Gbe9uc_3.mp4
bnN-k2Beo4E_0.mp4,6HRsLY_3Yn8_4.mp4
hoWEYBSlctc_2.mp4,oqQGFh5yiWE_1.mp4
9I-FCJRX2Cc_5.mp4,kwDvoO6J9nk_1.mp4
11eB1kGxHWI_1.mp4,3oqt6V9aJIM_5.mp4
GPuCrJujOkk_0.mp4,S0X0KScmHvo_0.mp4
6CeSAlrg61I_1.mp4,qWb5_LSlsfM_13.mp4
IsZdfna1LKA_0.mp4,V9kVMuuPn_c_3.mp4
z83-qcP8B28_1.mp4,Lqg5fiwIQso_15.mp4
iqxao_orua8_3.mp4,ZXkKHnmKWoI_0.mp4
nW-iQzgmyeI_0.mp4,Jyq8DBBYkKM_4.mp4
PSnjJrbu1tY_0.mp4,iASBdbiKSHU_2.mp4
rniLSc9XgNI_2.mp4,P-3iw8l0lB8_0.mp4
Yg6sZ2htZfc_0.mp4,CXdc2L3QH9U_1.mp4
x03pWg-naqg_2.mp4,aS-CvCCEV1U_8.mp4
rTso6VBF4Hc_4.mp4,JNRFWtS0LlM_1.mp4
5poOduTF5pM_9.mp4,PP8BpNVk8JM_3.mp4
0tx4o3yXM64_12.mp4,Ib11tKoL0FI_21.mp4
eMgfTq1Z2n8_5.mp4,_mPOfQw2fmY_5.mp4
3pEu-Om-nXY_1.mp4,YG0ZcR-hBpw_6.mp4
DUjB9LTtzGg_0.mp4,C_BolURdHXo_1.mp4
mlN67R7Zw-M_1.mp4,kYvhoBZmrgo_0.mp4
FS_8mCvPzzc_9.mp4,BzeRzWfozso_4.mp4
6RbMqRpNqmY_1.mp4,AtcaQ4_DBOs_9.mp4
82UFL6ll80I_0.mp4,dICoogbmXmQ_0.mp4
MnLDgaQ9EwM_3.mp4,YdqUiKHAdyg_11.mp4
gyJCrKgiF4g_2.mp4,jJnCfZ8Dj-w_0.mp4
HTSejaU_TrM_60.mp4,H3zJIP3BJ6Y_15.mp4
p6X1ih5t9Zo_2.mp4,gmSeaKdO9IQ_0.mp4
nC53zo7-FCg_3.mp4,B2g2yYkNegE_2.mp4
SUKdlcCiE60_1.mp4,PlkvQ0NbjUs_4.mp4
Xtw4TNHkhCM_2.mp4,4o0flG1fltU_4.mp4
SAK2kObsiMY_9.mp4,4xGwNEhH8jM_0.mp4
bsQAJXaVlXU_1.mp4,qN3TquDtKdU_1.mp4
Ewpzngfnvcc_3.mp4,e7Drq9juzI0_1.mp4
tSyHF-jstuI_1.mp4,I2JBzg6x2G0_6.mp4
lUglQukweZY_1.mp4,MQ1E_qYia9Q_3.mp4
W9dkqIcvdBg_0.mp4,eSHy8q1MP00_2.mp4
7eTl05KHwFI_2.mp4,3EIqxstBVCs_1.mp4
gMdTl2R354A_5.mp4,GzX6l-y4YeY_16.mp4
26Ofj4hOVpA_0.mp4,UJRSyfeFswM_30.mp4
go9n2cwELBU_7.mp4,SPiSR_YDfXc_1.mp4
GL-FWKqT4_s_0.mp4,FUdq9GzGOmg_1.mp4
-kFJKQvCrkY_2.mp4,PMok2n5pQOo_0.mp4
2-1_64NeG_E_3.mp4,BvpE7hZ8hTU_15.mp4
ZfDnO-Nd-WA_8.mp4,ojTkavqLgvo_0.mp4
VwkGKFFk-F4_9.mp4,xMjEmE1YLSU_0.mp4
8QvZo29tgeY_0.mp4,IiUmOrBplcM_3.mp4
aM8zczP0CTU_0.mp4,8DHqjFqojT4_4.mp4
OflOQW_pkvc_0.mp4,KK0ALUd944A_0.mp4
ItTPdDmo-ew_35.mp4,bFfnDQ3bDfA_2.mp4
qR9MgJkOFJ0_0.mp4,jA1hql7sm-E_2.mp4
_W4Em_fHubY_32.mp4,vwOQMK_9pXg_23.mp4
tBinDLh7tks_2.mp4,IfO6AIsvlKw_0.mp4
i-9K5-x7_so_1.mp4,d3GuRk17dsU_1.mp4
0edMEqcumBc_0.mp4,EB8HpfBlE7Y_7.mp4
ZXyLYqWUffA_0.mp4,L6ayQbTmoxg_1.mp4
6n99ZpSgKg4_2.mp4,7WLQv-TqEpM_15.mp4
FzlU_O9EK5g_2.mp4,a_iEYXLXbjY_1.mp4
yxp7jICX80U_1.mp4,q0gH-5REL0w_10.mp4
0mGpT5ph-ok_1.mp4,3bgUvADuzys_4.mp4
fnzShYj8wQs_0.mp4,uEW0FlmiNec_1.mp4
J-vYXU4vqcY_18.mp4,mD7G88--kBM_2.mp4
cZ3PlWc414Q_19.mp4,eXzoP6NYjRk_2.mp4
F-57KCDK0Ps_8.mp4,W2SUOARI7z4_15.mp4
u_z2ttNkL24_0.mp4,GOtK355NMTk_2.mp4
RFWu1N9hP40_38.mp4,p3ZnaRMhD_A_0.mp4
D7tCnGstwcs_1.mp4,jgBGoS4a5rc_5.mp4
QuwgoIFgQpY_0.mp4,o2wFqjb9AU0_0.mp4
iQoNLmqqMQA_4.mp4,0BQZb44R_IY_0.mp4
BGlWalxUId0_0.mp4,QAxHWbCQyr8_32.mp4
TZNa-trhp8Y_0.mp4,l0RkrxY9mH8_3.mp4
L4vMIol0XiU_1.mp4,-cdk5mhKuWc_0.mp4
J03lpGKZ0xc_3.mp4,X-VYaCvJwxY_1.mp4
CvVeJJ-TnK4_0.mp4,p8hvuAF3tbs_27.mp4
NRBLTtDkQXU_0.mp4,3MmmG47ccSs_8.mp4
zs5bqvL5Wh4_0.mp4,O0UH-hyZnHg_29.mp4
1egkqpDOn2A_0.mp4,fKpKz3dysY0_0.mp4
EvpwbdkhdnA_5.mp4,RxLb-Iqyqps_0.mp4
onacY99veEQ_1.mp4,FMbSH8g9vsU_3.mp4
ZyHoPZAsm60_1.mp4,D1rRS3omXQE_31.mp4
bxs77K1DkD0_1.mp4,DegHehO_nfc_3.mp4
hhl-3EOYTkc_0.mp4,xu_UgfGriXA_103.mp4
ok6H1OFTmyA_0.mp4,l6LfwtdM8Fg_9.mp4
ftNK4JPSoto_5.mp4,_r-SkfDZphk_1.mp4
rniLSc9XgNI_1.mp4,IPXeiS1tzr4_4.mp4
I9eKxEuHyYc_0.mp4,ms_ERfOYnqI_0.mp4
mvYdMO5ZfYM_4.mp4,5WvXdaXIbYw_0.mp4
xuphB-zbmPk_16.mp4,Yk84fGy3q-8_4.mp4
jBS6ahvbZZI_0.mp4,WIoZlhYj-2c_3.mp4
3Mlc1Xjx8es_2.mp4,Q6ojFfkVK9o_6.mp4
RFAiq0Qr6uQ_1.mp4,_wvxjLEML30_7.mp4
pi7Qfur-xLA_3.mp4,ZXkKHnmKWoI_4.mp4
t5rqGq53htA_9.mp4,SD3xuHWIi9I_0.mp4
euV9_AO_Q-Y_1.mp4,GCc99Gh-IEM_1.mp4
p2kf8bFS148_0.mp4,lMA48vIxajE_3.mp4
Sdj-zpcaqeE_3.mp4,pw2l3iiBbAw_2.mp4
yRhRZB-nqOU_1.mp4,PlkvQ0NbjUs_7.mp4
7aXBcMlaxX0_11.mp4,MpiqRi2JW4M_2.mp4
f8-6UgJ6dSo_7.mp4,8DrsMeY29Kc_3.mp4
ae6Yia6Rk7I_44.mp4,5g_FTE5gdVo_7.mp4
TnyG7X-QGKs_1.mp4,fcLj2CVC1VU_9.mp4
1DGrM6qhZHY_1.mp4,rsnLwzzkF_Q_0.mp4
v79foBIrar4_0.mp4,FPtvpjBEEqo_3.mp4
v9HXEeZb9Eg_4.mp4,Zc3wIAs3coU_1.mp4
AXmKM05_kvs_1.mp4,UVdGhQGRtSc_1.mp4
b6X5bVMoCJc_0.mp4,eCKRI2wEw7I_0.mp4
u5ZmoPBqVmQ_7.mp4,2VXcBIXh2dY_10.mp4
I8yvHZ7de2k_0.mp4,8ITOvb7Des0_1.mp4
BO13msuCfjQ_6.mp4,oWcrHykKKV0_31.mp4
rYAqCGHF0oM_8.mp4,kbrbVtp7wPk_13.mp4
dTdnTyIJTZI_5.mp4,BRccUGaFz2s_1.mp4
kqBMHRX-c-4_0.mp4,4e1TtNAEHhU_0.mp4
4URfrF5_avE_2.mp4,fdOrjwuILCE_2.mp4
_6RI-8Ia4do_0.mp4,Dbx5q1mkBd4_21.mp4
7rGY9Tw2hSw_0.mp4,ScO8_gSXqJQ_39.mp4
KUkTh1DnC9A_4.mp4,nrqg6wxuqFo_1.mp4
3qZI6bTQyKU_7.mp4,SELFeneZL04_1.mp4
gI9AEqncGn8_1.mp4,JVqR-wAWZsQ_16.mp4
mOBwsP7TMyM_32.mp4,9pTzaDFLirk_2.mp4
bpNxVXA5dcQ_0.mp4,6qxQ2l1DC6Y_0.mp4
CMfYaFpa3nY_2.mp4,HMAHzsI1SNo_21.mp4
PQbyl1vsn1o_1.mp4,evcoTdkpSK8_2.mp4
w6USFL0JYAU_0.mp4,HPqlIj7CiE4_0.mp4
WK0fQueuPoI_0.mp4,xu_UgfGriXA_101.mp4
fXoG9Gbe9uc_7.mp4,upoh7LbKZR0_1.mp4
JcwyURvT39E_0.mp4,0CQi2Bb7WE8_2.mp4
squ9XOfBKaY_1.mp4,ZsDOHhqqLCQ_3.mp4
nIOmotayDMY_0.mp4,IALE2ESJA70_0.mp4
9aqopEQr7wI_2.mp4,hAbVFxYi_q0_3.mp4
btKMSYfgqnU_0.mp4,r0bS4aWzk2w_7.mp4
1etjTR5wYhU_2.mp4,QPbUj6Ks8j4_3.mp4
9Dd423YO56c_0.mp4,aGAInDBQOoE_6.mp4
ZdkOLsRkjBU_0.mp4,sEeI_tjmZ6s_0.mp4
G1DG6f_6nZ8_0.mp4,zqTxw0eiZaE_2.mp4
gFocZQa78ho_1.mp4,GaIcAaHFc0U_0.mp4
T51PRTN9JpU_0.mp4,A8QSVJR8SqE_1.mp4
f0Hyj-aUrLo_6.mp4,14QxlX2dKnE_0.mp4
-lmq6RHGvaM_0.mp4,z1YnhE68kUA_4.mp4
ovv_GMBRPJ8_5.mp4,7g1ti_tjuvQ_1.mp4
sG_hq20lgHI_0.mp4,Hohdy0QZlEI_3.mp4
nl6oRRoRscU_12.mp4,Hjci3SZvoh4_0.mp4
qp-uFNB9jYo_3.mp4,t8Jluny2f2k_1.mp4
TuafKNbgTCA_0.mp4,YbrL3c8NIC8_104.mp4
U1UdJYXT6V0_2.mp4,N6SPrarFcBA_3.mp4
xGoRE2NsRGI_2.mp4,qufXVnpHrb8_3.mp4
aF_Ijr621tM_2.mp4,gW_OSQgHhAc_6.mp4
un1wAZ4F5Ik_0.mp4,IfZmBGcWkLI_4.mp4
yLtC-gH6ktw_1.mp4,EsTniU7j_yw_2.mp4
HeRIwSpHZCk_2.mp4,F55uFHs0d-o_0.mp4
jBvjrK-pgrA_2.mp4,SAK2kObsiMY_3.mp4
HV150LwK8Kc_4.mp4,hSiFAK-p-Lg_6.mp4
1UbxL1MVZ7o_0.mp4,1o0B9w6J3DM_10.mp4
D4HGK-_5TkY_0.mp4,d4ftmOI5NnI_2.mp4
bkd_z_-gfZs_2.mp4,ukOx2hZvXkE_2.mp4
gC4rYtR9XCU_24.mp4,jJcg8J0bEqI_3.mp4
2HwVVwlGHU0_1.mp4,TuafKNbgTCA_2.mp4
wySz6ysIDhs_2.mp4,J2AZJQTsNTY_1.mp4
HK6TmhLEd2E_59.mp4,VEUuQQVx_gs_19.mp4
VvGhOtoy5iE_0.mp4,XpPqGZkRqhY_0.mp4
i4ivf-ZmorE_17.mp4,f4LEgmt0roE_1.mp4
RzKO_yFUe4I_2.mp4,ym6On_sjxKM_6.mp4
2gdUkYAleL0_0.mp4,tXhTaL04ByA_1.mp4
-5zdmA7HSoE_0.mp4,iC8S6EZzFqs_0.mp4
_bkBt4Z6NQ8_2.mp4,fMbOYSpxXUU_1.mp4
6GqonOcxCQQ_3.mp4,uHuDwL4XEUE_3.mp4
FFGm__skOH4_3.mp4,MnBudMKHctk_2.mp4
yQ0FgE-WKi8_1.mp4,N-f_dRIFPqc_1.mp4
2BoyDp49C6Y_0.mp4,85KFI0tQM78_0.mp4
HyxXItSF3Co_6.mp4,aWsc5Zc9kyw_41.mp4
H843vNJgIaQ_0.mp4,au6h8bNE8ec_2.mp4
1zhGxZT_W_g_2.mp4,Ofkb_7EnunM_4.mp4
af2bOD6flRk_0.mp4,Wy4EfdnMZ5g_0.mp4
ARjeK8cu8JY_3.mp4,IFh6PvOgVjA_3.mp4
NFlimpmUmXc_1.mp4,AcvWJ8bgA8w_2.mp4
myZDn8fFRLY_2.mp4,GH-oJGZKmq8_6.mp4
Kb2WClrbrAc_2.mp4,9NdNh259zjY_35.mp4
Pm9n0cNARVU_12.mp4,nl6oRRoRscU_15.mp4
ZpzeOhRIhi0_4.mp4,cuGs0oSqpBE_35.mp4
M3OiWvfS0Vw_6.mp4,TZNa-trhp8Y_2.mp4
jfg48xXOUKA_4.mp4,s8tXE43jYho_0.mp4
zraRE6Zkgmo_15.mp4,3rKw8LnqLpw_6.mp4
d4vN9uOqyLU_3.mp4,3Blk7Vo0abY_2.mp4
JckdztKAdlg_3.mp4,qhHW5JGhX6A_2.mp4
L7ST8ob-Uvg_10.mp4,41mJjHr-33w_13.mp4
JNRFWtS0LlM_0.mp4,BjPUO_4HJeo_0.mp4
0Ba6y1Y8JjU_4.mp4,F9SedpzIRYg_17.mp4
yPAPYhU_zsQ_3.mp4,woLbaFLoJI8_3.mp4
_mPOfQw2fmY_0.mp4,IDdZAEX43AI_1.mp4
sCG88QHentc_2.mp4,arzwnRoAQP0_2.mp4
g95ZXrh2oK4_0.mp4,qgiOF3Pa6gE_4.mp4
WWuan-jqPO4_1.mp4,wNj9-72I-Rg_38.mp4
c65PVrGBMtI_18.mp4,a8mImo0aNDo_1.mp4
vMJwHwQ1Egw_50.mp4,ZMZxDJb5V8o_2.mp4
WumDwSRuKFY_1.mp4,zlaK8yJFneQ_4.mp4
oeW9lZBY-VM_3.mp4,_iw7PLtjjow_5.mp4
viRfGNQjgQs_24.mp4,o9dLO77OSao_4.mp4
SMuET3l5cbc_1.mp4,Gxt8jcnAH8Y_4.mp4
8mZEPgvvd4I_0.mp4,-zXeNeURhhE_0.mp4
YIa1gn9wVNo_0.mp4,C0nDAjgqo-k_2.mp4
iViIy5ci5yU_21.mp4,mwC1Bi9h7z4_32.mp4
FDks8gZoqGM_7.mp4,xuphB-zbmPk_15.mp4
zW2T9TkSIcM_4.mp4,5xx4Ha3kGtg_1.mp4
0ysN8AjNhpg_2.mp4,kqBMHRX-c-4_3.mp4
ZlzhOaHLFBM_1.mp4,QrmQqEg4isU_0.mp4
jiHXahhmzjw_5.mp4,lm-Fds--l8g_1.mp4
FcZp44Y9GDc_0.mp4,Kq47U8AtGCA_3.mp4
IsBB4i4k2PM_6.mp4,XupNxI6shYA_1.mp4
rQWpTKfljVg_0.mp4,poTqVcSgFRE_0.mp4
ShTKpdSWfsA_1.mp4,SVSzVDnvkHw_2.mp4
I_Ld8Rtl-Gc_0.mp4,5ttoICpH0Vc_2.mp4
Sc5M0ePolAQ_0.mp4,OM3lPslDFrI_13.mp4
gjhuLnklwBM_0.mp4,NtXfwLUSL-o_4.mp4
Q9B0pFDCviw_22.mp4,CdHKXmEn4l8_0.mp4
-_Bdf9C0SAU_9.mp4,QJqjWVH2jrE_3.mp4
268ZUL4dnn8_2.mp4,72n6oDAUXdo_4.mp4
6KHyMISpE18_2.mp4,KblaujDjQ4g_1.mp4
vJhO79OGi20_1.mp4,UFuxiZFwDPs_3.mp4
NSE0wvmNp4Q_0.mp4,1diHvu1Q6Ec_4.mp4
B6x3OSkwTDc_1.mp4,NqJ6llRZg-M_3.mp4
B24Dt1HKKOM_6.mp4,e5aVUIwBJuE_1.mp4
COCDy-fArTk_6.mp4,WNAjVd38Q1E_2.mp4
XgmE4JQpFsU_0.mp4,mFH_r2w28rM_1.mp4
nNj8UvP0Fv4_6.mp4,Fgl7tImKroU_2.mp4
DwbAW8G-57A_18.mp4,lPrJqB8ljAE_1.mp4
2LwWmJojqvM_2.mp4,C_BolURdHXo_0.mp4
TMlIFwd2LEM_0.mp4,2S0frLsoH6o_2.mp4
GzX6l-y4YeY_17.mp4,SOIdHcybQOY_1.mp4
9cBN9_9oK4A_0.mp4,6nSu2qhTmNU_0.mp4
tXF23iSwW3I_0.mp4,N1lcFmw4Jkk_0.mp4
rcjujixxfdY_0.mp4,nXrsB2RMo2w_2.mp4
UEEIFRxwHSM_0.mp4,bsQAJXaVlXU_0.mp4
isct-XNu38E_0.mp4,iI0ItFnUJwA_0.mp4
QgedeMGTh5E_1.mp4,sTggfqXpMBo_4.mp4
U0xf89hs1Mc_0.mp4,eCKRI2wEw7I_2.mp4
YbrL3c8NIC8_107.mp4,ytuo3w1Bn-I_6.mp4
ScO8_gSXqJQ_62.mp4,NtXfwLUSL-o_13.mp4
D0yH1khC-TA_7.mp4,j04RI0wxW94_2.mp4
BuMBRD4LmZc_4.mp4,hK2Em4D7fhU_3.mp4
YPOMspXK-S8_0.mp4,kHyGJowN1Mk_8.mp4
_41AKvC_uGk_1.mp4,PE-3JxqiV7M_0.mp4
-2KG4lLGEl0_3.mp4,MBSxl8y36zg_3.mp4
7lHr2ZNlULA_6.mp4,JYp5uIodwEE_0.mp4
tmZiGfLVs8w_3.mp4,IMU00UwepuQ_7.mp4
V5DgQr_g6SY_3.mp4,h46dZ7DbaSI_0.mp4
5gtFQegr2xA_2.mp4,JZC_q1ZuDik_2.mp4
KJZPwHVV-FQ_2.mp4,OM3lPslDFrI_12.mp4
IT236O8f-J8_2.mp4,vMJwHwQ1Egw_51.mp4
LjJ276Dh1jA_50.mp4,CruIPzBeY2w_0.mp4
0fBA7VUZEgY_3.mp4,HTSejaU_TrM_8.mp4
_DdmxjSxFN8_0.mp4,tqQ0pCIxSaA_4.mp4
Vz0hXK-iZ6E_2.mp4,T4Z1mnjLwiA_2.mp4
wVknI3MqzgQ_7.mp4,KJZPwHVV-FQ_11.mp4
ryvvNrcMh-c_1.mp4,I62Px3mJeBk_7.mp4
WbFri7eX_YA_1.mp4,kKRVTK9WVwY_4.mp4
fpucbt2iBBQ_3.mp4,ygmcOaN-_Gg_6.mp4
INzl57SF6S0_0.mp4,GWExJPcE3lU_13.mp4
UnpOcmjtDcQ_0.mp4,BXveaReACHs_3.mp4
3JaE2WhjT0A_0.mp4,13qHfXhY47Q_13.mp4
hSiFAK-p-Lg_35.mp4,-5be_UPkLRw_3.mp4
-zxyN9-P9_c_1.mp4,EL-Zzx9ZrOw_2.mp4
3XK6_WzKnxA_1.mp4,pzG1ckuBqpg_0.mp4
MzXkiK4ROhQ_14.mp4,cRuYB2gXpM8_1.mp4
T3Hjiv-zUos_5.mp4,a8_e1yPzjV0_0.mp4
qqwKPx85ZlA_4.mp4,hLbozjgBIE0_5.mp4
deeuOZ9kX-g_5.mp4,RFWu1N9hP40_1.mp4
oPxs9gu_JZs_2.mp4,X2X3DxFAFlQ_0.mp4
UDhWyFDDrUg_2.mp4,fr3qnpENicU_0.mp4
oMLncrYFh_c_1.mp4,olZoFR2XROs_1.mp4
gx4DL2F9KXI_0.mp4,7UhFzTWxzBo_0.mp4
psZ4jSJ1A_o_27.mp4,R1k_1p3mitg_9.mp4
KQbGttprUMA_2.mp4,ZpzeOhRIhi0_6.mp4
kauo3Hj1lt4_11.mp4,rE29ZSccLMs_0.mp4
RB7fstrbJSA_3.mp4,Ug6yhGuDcUQ_3.mp4
npiA1Ilwzsk_2.mp4,GjGVLuE8sqo_10.mp4
sb8IU6c5obc_4.mp4,PahRJMVNho0_5.mp4
Z834nV4ccH8_8.mp4,V-e72bwapPk_9.mp4
4Ccyp3shi0A_1.mp4,9Bqw7XYcdwc_18.mp4
ZjPPfwVPTDE_2.mp4,QyOM1rQ7iT8_0.mp4
KIg7nR1Ch7k_10.mp4,DE0ErxT30yg_1.mp4
5AFNqHBFRgE_0.mp4,t5rqGq53htA_24.mp4
LTyelOWIGh0_0.mp4,2dD7upKpLks_4.mp4
3otEW3PQG2Y_0.mp4,sStaoozOzzw_22.mp4
BO13msuCfjQ_3.mp4,guWGxRXZbis_6.mp4
_4juqo20ABE_2.mp4,qAHkYcmcFfc_7.mp4
by4eNzzHtHM_7.mp4,5Je6BQ6jVu8_0.mp4
Kbsi0KOunj8_1.mp4,uqFt3ssT0QM_15.mp4
u6HRhOttQG4_15.mp4,5cbim7n9ARs_0.mp4
xcfYbwSXFVw_1.mp4,C2KN6BHuPWA_2.mp4
P_OT5s6CEjU_14.mp4,V4cpZlFESeA_44.mp4
KIg7nR1Ch7k_7.mp4,edK1ZZsVpK0_2.mp4
kVTYhZ0NBOs_6.mp4,szLaH3oCQ2c_24.mp4
23uAYGDpS_I_0.mp4,AgZbPNlvHe0_0.mp4
Uc21Z4ffSns_2.mp4,lmXulmt7HQY_9.mp4
MN-rn-e_MTQ_1.mp4,qdCi9keGghY_0.mp4
86Vd7XFiYZA_1.mp4,8EcrxgHLhIg_0.mp4
K8NpN7J-5qI_7.mp4,QrPfJR_IwLo_1.mp4
85O_vS9vSCA_1.mp4,tPZ-zVT67gs_4.mp4
wY0eEBWpIaM_7.mp4,XeasXb98akc_0.mp4
1zLZPzGxo4w_1.mp4,VnfDJsxHsUw_0.mp4
JfEde8D6XE8_6.mp4,Urp9MjHLP0s_1.mp4
xgMGnhrKZQI_40.mp4,rLtmIBRWQVQ_2.mp4
7Cyzq1bWpZs_0.mp4,n4EWeFRvVFk_12.mp4
SCqvldpfZrw_1.mp4,UCZNyjhoINE_0.mp4
MOYG2ITZYS4_0.mp4,W_l6UhMgU54_1.mp4
5ke6m-Y8DHE_3.mp4,jWHcIO4y8kk_4.mp4
p0NvauAHMnk_0.mp4,A_bC8fF6WZE_0.mp4
PlkvQ0NbjUs_8.mp4,9KXO2Sn4L4Q_4.mp4
d_FUI6kf1b8_2.mp4,mwC1Bi9h7z4_25.mp4
qufXVnpHrb8_1.mp4,g0gSVRz3HXc_6.mp4
E2wr_tRqNZQ_0.mp4,S64LeYg3Tg4_7.mp4
4YFz0PJernc_4.mp4,JkeXMSrRsYI_6.mp4
U4pdCP7gdj8_0.mp4,-5be_UPkLRw_4.mp4
cmu1VzO5N9E_12.mp4,_v5zFIqjEZg_2.mp4
hXgLWvxgxqM_2.mp4,q0gH-5REL0w_9.mp4
Q49KVa7jotI_3.mp4,a9OAnsT1kMs_0.mp4
4T-eLDfVb7g_4.mp4,NkjnK6aSrqM_6.mp4
5mAI-v1nfOw_1.mp4,_1osQSmJ2-s_5.mp4
d82LKPNesE8_64.mp4,IPhyT42I81A_0.mp4
biE10Ff4V40_42.mp4,fRhJPuDCXRk_1.mp4
u4MuBpp1vaE_9.mp4,W95X207kQxU_0.mp4
t_BSGcc9XkY_2.mp4,Zavr818GACc_3.mp4
zgDARv2GW-0_1.mp4,MxMpRqQQ6o4_0.mp4
m9aEg5dlFOI_1.mp4,DLb9vR3Zu3g_0.mp4
JsSGBYf5cEs_0.mp4,u-ei9MiQpew_2.mp4
iViIy5ci5yU_11.mp4,4nSkJZ3i2-g_2.mp4
UyKyxHFIT3A_1.mp4,I7nWj8Q_FgI_0.mp4
GvOhxWkbryM_3.mp4,aKfnR6OWVeg_0.mp4
tNpPUmgPY0I_1.mp4,JDQcnQpxOj8_95.mp4
GNSkaIuTNao_1.mp4,dZb8CGMC1zA_1.mp4
ecsatgCN6Y8_9.mp4,8s2lUiTRbpU_1.mp4
Q9B0pFDCviw_13.mp4,gXRw45jyIsE_3.mp4
xbHSfACHWQE_0.mp4,GdrUYcOTUvY_0.mp4
Jzr8lXSNRA8_1.mp4,4cjgb5WThUk_2.mp4
kLWS8Kn4XKg_0.mp4,3xtKas3-ctQ_2.mp4
hv12agUndFk_1.mp4,MUvcpjeUFpU_6.mp4
LX8mxeGuqi4_3.mp4,hf6biLAyUxM_23.mp4
ngLX1uDh-eg_3.mp4,t_BSGcc9XkY_5.mp4
e43g6z-xZUc_19.mp4,85cnCW_4LIc_1.mp4
ze-aAIzwD_E_1.mp4,VtUT_vRco6c_0.mp4
YR4qgOi7VQ0_0.mp4,dLXri8sYr6Q_2.mp4
xIwb0YVV95U_2.mp4,3nf2j5uWKmE_18.mp4
SICgSUjl2lg_2.mp4,YNAv6w5RDIs_1.mp4
p8L6CtsqDE4_4.mp4,a87b-bsz1Mg_1.mp4
0zROMB5cxBA_3.mp4,_i97zAZclkI_0.mp4
IvgFrEk1JqA_5.mp4,Zo412DqJlwM_7.mp4
ZQdP-Sva8NI_0.mp4,aBGpbCaRXt0_2.mp4
1u9pKh8ut4E_0.mp4,8qqtC1KxSSo_0.mp4
bb4zvZdrMz4_5.mp4,6SC61WLHy7s_1.mp4
quEBzmchcwc_2.mp4,N8pmtAfSroc_4.mp4
QgqXAXhRvYU_0.mp4,2h22yFdenvA_7.mp4
r-QLiAyJupc_19.mp4,I3t_8Q4s6Kc_0.mp4
vtznSlhouZc_1.mp4,XXk8J83A25A_3.mp4
1w_JdfgygYY_0.mp4,85O_vS9vSCA_0.mp4
M3MwWCqz9uA_0.mp4,-T6FORUj1ZE_2.mp4
DOqHpCInxQ4_4.mp4,JynX_WLlHOY_5.mp4
IBdgRBvFwlM_0.mp4,NU7Eqx1ydkk_24.mp4
K0c_lhMokKI_6.mp4,--Jiv5iYqT8_0.mp4
w8uoKa8cu4s_0.mp4,32LChHJOCKI_5.mp4
gvzK9uuh7GU_5.mp4,KtwPWWCJHAE_2.mp4
IWpThrDfQEI_3.mp4,G1x0zmX-PEw_2.mp4
EdiZzm9bA2I_0.mp4,DSIAMiQ5ohc_8.mp4
cHqqqMvOM_c_0.mp4,oBvB83S_U4w_0.mp4
fEIWl3fqoPE_2.mp4,WVbCA_da9OQ_1.mp4
p8hvuAF3tbs_34.mp4,Jd3GwwxFDPY_0.mp4
X4UGWZRPMzM_2.mp4,56v74zFOV58_1.mp4
IWjPXaM20kY_1.mp4,ScO8_gSXqJQ_42.mp4
39Br2A7lxac_27.mp4,ASJef4vkcNk_0.mp4
PhkGK4ga-Gs_0.mp4,t7BPFTnDsJc_1.mp4
lDu6SQjiZ-I_1.mp4,kI_1XCEaPiQ_0.mp4
Z_9KUBCidow_5.mp4,rUfgJRFKX48_9.mp4
R2DhcfXooy8_1.mp4,ATNjQgr7LXc_1.mp4
OByY45anMr4_3.mp4,VWMSjhr1BZE_2.mp4
GrjEDguF59Q_7.mp4,V6TrgQxf3lk_0.mp4
whi1Uks89mU_0.mp4,Em7cOMAkKv4_11.mp4
vEFoOcev00s_4.mp4,kTCyZoaORao_0.mp4
v2L4G1_eVOk_1.mp4,OS2h9MfSri8_25.mp4
EroyjPcw3sg_8.mp4,ASUOMIUaR50_24.mp4
bYSj_IzJIyY_4.mp4,r1gBq45CkgI_1.mp4
KPb79ABmRYg_1.mp4,XFo1I5xq5a4_4.mp4
H-eL9ZQeecY_4.mp4,rbtZuYVWt-c_6.mp4
0_UCPY-mSZU_1.mp4,Y1VyYbpE6KU_5.mp4
wsrjqqEi69I_5.mp4,cFpbjlzOKa4_7.mp4
ylvh800i85I_1.mp4,JDQcnQpxOj8_93.mp4
pDhttKTEino_0.mp4,LjJ276Dh1jA_2.mp4
psW7sLoNutA_1.mp4,M2wghfCg8ko_3.mp4
QgqXAXhRvYU_2.mp4,oWcrHykKKV0_19.mp4
-M4uxt8uDI0_24.mp4,u0EpF1JZUnE_0.mp4
6IXtQx8SwBE_0.mp4,EDEeyk50nDQ_42.mp4
KccpJ0xD-7E_0.mp4,r9mcNXIJFbY_4.mp4
ZZa5XVQpfXY_1.mp4,fEIWl3fqoPE_3.mp4
tjBBL2ZtHt0_44.mp4,Ia7el1fEff8_2.mp4
KsimmeikE7w_1.mp4,ZpzeOhRIhi0_13.mp4
okLLF3m_6n0_1.mp4,POxvWUpuF6s_9.mp4
v8UDjwdqzKY_0.mp4,EVmLV7swH2k_2.mp4
EFKwGpDzobo_0.mp4,2j1vM1l65Fo_0.mp4
FzkIP328aEY_20.mp4,EQdE660gQaE_3.mp4
dWlCz1ed3yE_11.mp4,qgiOF3Pa6gE_8.mp4
2m3AG4x2bL8_0.mp4,5gtFQegr2xA_1.mp4
tjBBL2ZtHt0_6.mp4,xeCy36VuoS4_1.mp4
hEpYavRa8j4_0.mp4,JowK0LgjsDk_3.mp4
TnpMWqslgnE_7.mp4,r1QkNthGaXc_2.mp4
eKe3zZy2gCc_0.mp4,mosud89rXe4_0.mp4
U2vVv9BzKos_2.mp4,19KilnM3eDE_0.mp4
qN3TquDtKdU_6.mp4,Evabrnitv2s_1.mp4
isct-XNu38E_1.mp4,6KHyMISpE18_11.mp4
HeRIwSpHZCk_8.mp4,a3HOCIXroqQ_0.mp4
O8mpAb-770Q_2.mp4,0H8EmzfVSbg_0.mp4
VkJAnikGNCQ_0.mp4,bCZRAcsuRgY_0.mp4
2n23jD-f_gM_1.mp4,JDQcnQpxOj8_77.mp4
Ixggr1vrTUQ_1.mp4,aY6ZwMZqaBk_0.mp4
duIOXAk5dDw_1.mp4,L8Ig4HbgA0c_1.mp4
pkwGEagSVT0_0.mp4,m-OaVzrf_vc_4.mp4
GX1VpvsSHO4_40.mp4,Xt8Yvu8rzQo_2.mp4
KJZPwHVV-FQ_17.mp4,Z0sFhnkRCsQ_1.mp4
JNRFWtS0LlM_3.mp4,yC3yUmN1hGs_27.mp4
81oozSLS2CM_1.mp4,ob_6XAhj_1U_1.mp4
aU4rjIl5160_0.mp4,wHqQzF4JXdE_3.mp4
mOBwsP7TMyM_20.mp4,ujyzlHDjNJk_2.mp4
aK1r7tBWnro_0.mp4,HXubLg3o3qY_0.mp4
RdG9KwpjxA0_0.mp4,qs7FL5DVDMA_15.mp4
W64977o_FlY_5.mp4,7WdGe1bDiuU_1.mp4
ljrdxgsfdug_4.mp4,780V4RIIZIU_0.mp4
bp_PPhy2-Jc_7.mp4,sAwwDhNJJO0_2.mp4
-LCqZeb1de0_6.mp4,cMMv6soYyoA_1.mp4
FmEHRr23Hro_1.mp4,IALE2ESJA70_5.mp4
NLwaNZuN1dw_5.mp4,ihj2DgVQbwk_4.mp4
VUflCNfd_7g_13.mp4,b7wurDomuVs_0.mp4
FsWS5NKWnYU_0.mp4,up-7hSCpiO8_2.mp4
tjBBL2ZtHt0_15.mp4,14QxlX2dKnE_2.mp4
jjDuR4d7Iik_6.mp4,orrzs7geXU8_12.mp4
qhZFtomQaxw_33.mp4,P8NcaKE0VhM_12.mp4
Ky7rHZmk9Yw_0.mp4,LMQd7xw1Wf4_0.mp4
OugafkqRgT4_0.mp4,2sxWzPDcvdI_4.mp4
-QT_Af7RLjU_0.mp4,F2tMdxxycCU_0.mp4
Qj6KVTZtumo_1.mp4,32LChHJOCKI_13.mp4
mw3M1fIiegc_1.mp4,MGRJhDyY9ls_1.mp4
qWb5_LSlsfM_2.mp4,biE10Ff4V40_18.mp4
LdRoFo6JuNs_0.mp4,6-2wJNeal7s_0.mp4
zogIrkxnsfw_21.mp4,F-57KCDK0Ps_1.mp4
GvOhxWkbryM_7.mp4,Vf9WTeA_ye0_5.mp4
_zNhY-IBLzc_64.mp4,NBY0l7A2uLA_1.mp4
KaCyEft6EmA_0.mp4,_CDnP-G3vUM_18.mp4
JDQcnQpxOj8_32.mp4,xGoRE2NsRGI_0.mp4
yRo5is2O-T0_3.mp4,cmlELkvVPeQ_0.mp4
0YGtaYHJQaU_6.mp4,A_aFnxsStao_2.mp4
d82LKPNesE8_112.mp4,dg0XTzG1v98_11.mp4
U34TdkLAPxE_22.mp4,AcvWJ8bgA8w_7.mp4
UnpOcmjtDcQ_4.mp4,xBWmkwaTQ0k_2.mp4
fFUR02kaGTQ_3.mp4,XgrWtn8kXHE_0.mp4
hWp6oSyaRmI_5.mp4,kHTAJHod8-g_3.mp4
EegnTsyPDF4_1.mp4,A5R-wZbzLEA_3.mp4
S3Po0Tld8Po_2.mp4,2eHs-PVTmhs_0.mp4
2A_eRglvKvk_9.mp4,4p8cSQtoMw8_9.mp4
WSIUHOHZVz0_0.mp4,1diHvu1Q6Ec_2.mp4
a8irKGLpqeQ_6.mp4,QhWWODVLgKY_6.mp4
XIrr3rfWuBM_0.mp4,oEg4GH93aCY_40.mp4
2WNN6PbR_Gk_9.mp4,v2yOx_R8kJw_1.mp4
4A-hmyHNaxM_5.mp4,9fRJUp66oWg_3.mp4
bVR_QqPabkM_22.mp4,xu_UgfGriXA_89.mp4
7tW66KxBOaQ_1.mp4,Bj1CoCTlz2E_12.mp4
G3BQd2K3maI_0.mp4,TyS98_jQIA0_6.mp4
VUWaWkUQedc_0.mp4,P9BeK0ipK5s_6.mp4
68skjB-WHFA_7.mp4,S5jiaHvx-kY_1.mp4
L6HWF_-Vmbw_0.mp4,qhZFtomQaxw_9.mp4
4p8cSQtoMw8_1.mp4,f3T1iwN-Y8o_0.mp4
n51YVubpyyY_0.mp4,EKFF3aFIHzo_7.mp4
JYwvFPjJ7dM_0.mp4,OY-qxz9IbqU_1.mp4
EDEeyk50nDQ_25.mp4,MUeKujlb6gc_1.mp4
ZROR48_kCsE_13.mp4,KIaGw6wplH4_1.mp4
TUzp2XUhskY_1.mp4,N2s_Iij3Xfk_0.mp4
ww_lUn3jUoA_2.mp4,9OlXAy0L0yI_0.mp4
xgMGnhrKZQI_1.mp4,mOBwsP7TMyM_44.mp4
pJImKCcPIsU_0.mp4,qAHkYcmcFfc_6.mp4
9TIfr9Q-H-c_2.mp4,0H8EmzfVSbg_9.mp4
DfjpfoESqJg_0.mp4,TZ9xan53wuA_0.mp4
YP2dblWITA0_1.mp4,gGi1BCc9_Cg_1.mp4
cx8LpiW174g_5.mp4,EDEeyk50nDQ_18.mp4
CeJQF4L0hx8_0.mp4,qN3TquDtKdU_9.mp4
p2QiCFAQ-qQ_3.mp4,uV-u-N8RkKs_1.mp4
G8EmmhP4Cyk_8.mp4,H03HKC74bk8_4.mp4
AQPN16ADhfA_9.mp4,TrxJeKnKaAk_0.mp4
5NlQiQfC4zQ_1.mp4,o4RXu7A3ydk_1.mp4
IGVwlBTTqYM_0.mp4,iy5OM5zWp_A_2.mp4
4sNyWmYN-rM_2.mp4,Q9jHF5HOOlY_6.mp4
RPW4sx3UYjU_0.mp4,7-BWD3-vN9k_0.mp4
VpELBj01GWo_13.mp4,eMyuRmZNaTk_1.mp4
oaqSAdVXx-o_3.mp4,o6KYKKvs9C0_2.mp4
A4iXXQr7tqw_0.mp4,1gCBxbNp25w_8.mp4
cDaKcrEUev0_1.mp4,dFNhTy0KB9o_2.mp4
MGGGksL1ziM_2.mp4,C_w88MyOOMY_4.mp4
w0bT9q0BeIQ_3.mp4,LQnfBdZnLmI_0.mp4
vGDlqs1I1Es_2.mp4,I44NZgYW6_4_6.mp4
YcHusga_QJU_2.mp4,bJSDrRcwwKQ_9.mp4
xGCLACE7SUI_0.mp4,cmBN-X701Gg_0.mp4
YmSABCyLEV0_27.mp4,003kLKX8n3E_0.mp4
qRahFLj59bc_2.mp4,HC1LN5AgjRU_2.mp4
sd2pBde6gkw_11.mp4,J_5AaTRRqCc_7.mp4
IMuAOVTXtLM_1.mp4,6_w07OR3H0E_3.mp4
F-57KCDK0Ps_4.mp4,GCM5SoA82w4_0.mp4
XPKzmSSQ2xk_0.mp4,32LChHJOCKI_9.mp4
SLBwTCISpSk_14.mp4,4buuZJ7cmZw_1.mp4
kOiQgleiRtU_5.mp4,bXS1LMaU7TM_0.mp4
_GxarTw5BNM_2.mp4,a2QPcDPNsZQ_1.mp4
ui3pnIeA_HM_2.mp4,6QNS2PV-YkA_3.mp4
3U4D77IB-j8_0.mp4,d4vN9uOqyLU_10.mp4
bxs77K1DkD0_0.mp4,d46cDtFv_Rw_0.mp4
_wiIxAcoTF4_15.mp4,HK6TmhLEd2E_31.mp4
UqO0E4rcI5k_31.mp4,fjodt2JnWT8_0.mp4
dR10_6gX8PQ_4.mp4,jGAsihLnYqM_2.mp4
1YrP2ICd6ro_0.mp4,17Km-P0IJZY_12.mp4
EZIAlfbaZRs_4.mp4,RyotYUKsVyw_0.mp4
2YbvpD3WQnk_3.mp4,d4ftmOI5NnI_1.mp4
M7CL4l-bu68_1.mp4,z-3ETV74ygs_2.mp4
6_vxrW27cMo_2.mp4,OAtwRoFSlOE_1.mp4
0WNw2YjtMPI_3.mp4,yZmjxZRVKLw_0.mp4
FLCvFcaZW3Q_0.mp4,17Km-P0IJZY_11.mp4
tX3WnzqInf0_50.mp4,st8QRZbJdPY_5.mp4
uEAZ-h3M_Q4_1.mp4,2S5x2fzb89g_11.mp4
ruwbVFvdfco_1.mp4,ab4MM9cHidM_3.mp4
ZaDPscKHR_c_0.mp4,Qgrff5fpRRg_3.mp4
L22-2I1ky8U_0.mp4,yI9WV6N2V64_1.mp4
sE44cB12HIw_4.mp4,cFvxjIsjwoc_2.mp4
9elzxyZJ2NQ_0.mp4,NU7Eqx1ydkk_21.mp4
sDQLmkgigkg_6.mp4,kb4jEHmH_kU_1.mp4
hSc6bDiEP40_12.mp4,2A_eRglvKvk_15.mp4
mvYdMO5ZfYM_1.mp4,7BZ9xe3FRLM_5.mp4
X22SDMuqFVc_1.mp4,80WmV36otZU_4.mp4
RhsfcESiIXU_1.mp4,11eB1kGxHWI_0.mp4
7F1bODlFs2U_1.mp4,7tiy3Q705w8_9.mp4
4Ps1V3p3GdE_3.mp4,xAj_tKw-Gig_0.mp4
kjI-JaRWG7s_6.mp4,YgJ5ZEn67tk_1.mp4
WMZ27bX9ty0_6.mp4,up-7hSCpiO8_1.mp4
sDQLmkgigkg_7.mp4,4Z5rOXxjRWI_0.mp4
XGCcothBtRs_3.mp4,MzXkiK4ROhQ_2.mp4
bBjLUZgx4WA_2.mp4,YbrL3c8NIC8_68.mp4
fkNDOcF5RGU_4.mp4,U6F17M80QBE_10.mp4
aokJADOVMC0_0.mp4,EKGATzNnr8c_0.mp4
HrhfRwyFmpQ_1.mp4,SUfo49TsWOQ_2.mp4
E3rB_qx0wRM_2.mp4,U-R21NaE91o_3.mp4
JDQcnQpxOj8_61.mp4,W2p3HK_KxKs_4.mp4
FmM06XrJsKU_2.mp4,Y6JoYsDhx10_6.mp4
_emU23tTUAw_0.mp4,-Qs3c_L4r9o_5.mp4
YAmnMBHMPso_1.mp4,YfzEFx0NzCo_0.mp4
WLF2pSJ015E_1.mp4,V1wAemvxNaM_1.mp4
MBgPSe_p1fk_0.mp4,RiaUv2MwZ3E_2.mp4
z4uSAcDmB40_5.mp4,ni7d6hbhtOA_10.mp4
LCsNRcdlAkw_0.mp4,aEfAFo99jEs_1.mp4
HgQDAW28DsA_4.mp4,4k1Vx0equfE_5.mp4
U-mmbStFrAA_1.mp4,nO7qxQsQK44_4.mp4
WMZ27bX9ty0_5.mp4,tuXSqMrfVW8_0.mp4
A83gS4JJXXE_0.mp4,o-TrufzaLFM_0.mp4
tMB7LgnO2Wo_1.mp4,5jlfdAEwT-Q_5.mp4
-PFdr0SiAEw_1.mp4,oDLoSaWURxI_0.mp4
enLijb7P9tg_1.mp4,y2_oXPF2b3Y_1.mp4
swo423cXQuE_2.mp4,1YklLet-e8s_3.mp4
YNAv6w5RDIs_9.mp4,g_PzYAmWF-c_0.mp4
09oumdE0UFI_2.mp4,R7zuX7jX0Rk_3.mp4
xfB_G8DW2TU_15.mp4,vqIpOyyzYUw_2.mp4
d5WPdWyh8Zo_14.mp4,ns3j2exbdbU_0.mp4
hrevnfe2Yg8_10.mp4,xyh6G8sAoyg_23.mp4
EBggaKKBTZY_2.mp4,xGeYzlEV5KY_1.mp4
2Y_CzHI89mQ_0.mp4,5rkVGXHv2Ow_2.mp4
KJjuSufNMhQ_1.mp4,Uovtut2ckMg_5.mp4
0wqS5RelbtA_16.mp4,Jygs4gYq0Gs_4.mp4
JDQcnQpxOj8_70.mp4,5g_JUhzP3DA_9.mp4
wNj9-72I-Rg_18.mp4,ep2-WRHr3Ro_1.mp4
zogIrkxnsfw_11.mp4,W_l6UhMgU54_6.mp4
h9seNVqLpWE_1.mp4,U2HWD9dymUk_4.mp4
uAWektIBPUs_8.mp4,ar_o_qS68oA_0.mp4
JNO8a-j99l0_0.mp4,8QVezWoZfao_0.mp4
agYpqGEKNvQ_3.mp4,WVWYpSmDE8s_3.mp4
_r6i8Ae0cvo_4.mp4,jaUqGAGsgt0_7.mp4
gJXtNkqXmi4_1.mp4,ScO8_gSXqJQ_45.mp4
ALhR_LDm5Is_1.mp4,Cm7-VMur8S0_8.mp4
zZrDihnANpM_4.mp4,C_fhEQGp9Hw_1.mp4
e8geIuLWVHQ_1.mp4,t3XewsVnx9E_0.mp4
DBeYwUgN0Tk_7.mp4,yth5JoZKnGQ_1.mp4
A95PDQWr4xs_0.mp4,GCSbGFMWzC4_0.mp4
dqOYWPemcQ4_5.mp4,7-H5Yu3_Py8_1.mp4
xu_UgfGriXA_113.mp4,eMFH8Agv6Lk_10.mp4
3XK6_WzKnxA_3.mp4,r3BS4jKjRkc_1.mp4
l38Qliee6VE_0.mp4,ScO8_gSXqJQ_9.mp4
EDEeyk50nDQ_38.mp4,Zz4_uCq_Icw_1.mp4
k3TpBfnaEmI_1.mp4,P3qH4TKLP0c_1.mp4
p0NvauAHMnk_5.mp4,oMt4F9ELo3U_2.mp4
a9J8GaeDqVc_3.mp4,dH3dqXHH0yU_1.mp4
XEAYxGXhd7c_1.mp4,W18J6bcq9YI_2.mp4
ZMplRnotp8M_3.mp4,QaFqZQ6JQhs_3.mp4
NiOPGDo5UJ4_0.mp4,dvbePi1o_Q0_14.mp4
Urp9MjHLP0s_30.mp4,GKsKm9KYbaU_8.mp4
rtsis0lgx7k_1.mp4,ggAMl6wNFrA_3.mp4
DkVjSKOdczM_1.mp4,Fjr_CQHJiCo_1.mp4
qfEkv726kdQ_1.mp4,RGhunCKOkIk_2.mp4
CDwnIJ5ohu4_2.mp4,PvoBUI7uz-w_1.mp4
A3oL7v7PLac_0.mp4,lP-A8UaVbLE_3.mp4
f_g4ezGApGc_7.mp4,djXfYPDykrA_8.mp4
gR4ViPKa9iA_0.mp4,R7JLW3NRRC8_6.mp4
9nq78d6CRTE_26.mp4,aGFysjQaoM4_24.mp4
1uIBRC3xMEM_0.mp4,rMuz6tRGsKU_12.mp4
HcEKOwRHg9U_5.mp4,fOONIlhXFh4_3.mp4
MYcsUTqNjNQ_0.mp4,7bNtfjJAU-A_3.mp4
x03pWg-naqg_0.mp4,c-onVRMP-mE_3.mp4
uW7Pev3qG1k_0.mp4,s1YskWPSAYY_4.mp4
hSc6bDiEP40_77.mp4,FtPj029E3Qk_0.mp4
xu_UgfGriXA_97.mp4,Nuwu9VTP3Ak_4.mp4
eKe3zZy2gCc_5.mp4,Q6ojFfkVK9o_1.mp4
oQT1QJ0w6XQ_0.mp4,jffVm6tNBDg_2.mp4
W9kAAt8S5lA_1.mp4,30IrWTTMWos_3.mp4
o-_ochO9CFQ_2.mp4,k7ISXq1EE-g_15.mp4
Cw1JQXX1-9k_3.mp4,8X2_CDscyg0_0.mp4
f8-6UgJ6dSo_1.mp4,gJYQBdhiSd0_4.mp4
ocyplDqvhuo_0.mp4,N9uT3yyoaGY_1.mp4
wTfbHs4HlPo_4.mp4,z4uSAcDmB40_0.mp4
q7S2ckr4IkM_0.mp4,QtrJ6ojRtik_5.mp4
yCUaXGVdi_k_11.mp4,L5HINlDlbLg_0.mp4
viRfGNQjgQs_28.mp4,xlAwSNbAY8E_5.mp4
xgMGnhrKZQI_65.mp4,Yzs6p2VnzL0_10.mp4
dXNu5a3KmMg_0.mp4,sjLDT-hLkFQ_4.mp4
VmVWuswEBSk_0.mp4,PHFG3ZC0fZI_0.mp4
XQOLwXFfiOg_7.mp4,roLboEc4M-w_4.mp4
afBwkWnwlD0_0.mp4,FNz2bhEOKqU_2.mp4
I-OaeRbZtk8_0.mp4,wWtJQ1bdrx8_1.mp4
BQj1pLHSI5w_0.mp4,u6HRhOttQG4_34.mp4
knJVlNiXjhQ_1.mp4,isFVKJA4E-k_1.mp4
tQT9e3YvAvM_3.mp4,SxztUnejrvI_1.mp4
GKsKm9KYbaU_7.mp4,bBjLUZgx4WA_1.mp4
IhGd9dcU8Oc_3.mp4,pU3klLr1CPA_0.mp4
n-VauKCseqU_21.mp4,IT236O8f-J8_1.mp4
mySMw3VkEBE_0.mp4,liypRELKoNk_2.mp4
ut_z2-96X0o_0.mp4,pJImKCcPIsU_2.mp4
ooouJuoeQ1c_1.mp4,szLaH3oCQ2c_14.mp4
SAWm5lLfGZ0_0.mp4,9KcoTmg37CU_0.mp4
hgd7_w0BG8Q_1.mp4,_9fzl68yGzo_19.mp4
Na0L0hqXvBg_1.mp4,gDSrAm2CKdU_0.mp4
NVovWtkGbCc_1.mp4,YoRlXdRrM2w_2.mp4
NRVBeCHAA4E_1.mp4,pzE6SVUHAYE_9.mp4
PkCxda_9xRc_1.mp4,aM7X0C7vK1I_0.mp4
yTNjsgJ1wwc_0.mp4,G9ShkqjQgIA_3.mp4
dg0XTzG1v98_24.mp4,cH0s2CjC6GA_1.mp4
a6UgPL5VzHA_3.mp4,HvIGrLYKRh8_1.mp4
4MTf0k1vqTk_2.mp4,RWLCEadmDZU_9.mp4
TKAJh_hlqow_2.mp4,DTexn9N2HMI_2.mp4
cZKYcRqPh-o_3.mp4,_wiIxAcoTF4_9.mp4
Fn40RI8ving_2.mp4,s46ea_MILvk_1.mp4
1dLZuGiJRXA_0.mp4,Cy0eC1Zai8E_0.mp4
nqzkyfeS2Oo_0.mp4,574oBJ7SR_8_3.mp4
bvITByUy5fA_3.mp4,5E0UmbICfX4_0.mp4
6m8CxJunyVw_0.mp4,Z6RLr6cDKNg_14.mp4
biJ7Z8D30xc_1.mp4,UJRSyfeFswM_16.mp4
EdfxUqS_a28_0.mp4,_gfIwqF5aYA_0.mp4
Mhev_TsgOBw_0.mp4,SLC0omm3N98_1.mp4
NdpO0T7l6Wc_4.mp4,10r3vyu-zDM_7.mp4
ZNnk9L2LSZI_4.mp4,oCOM3wMqoHg_1.mp4
H1rttoUCeUg_6.mp4,NiSWurUdtkA_0.mp4
Cm5NLiqmVtk_0.mp4,UqLq7sMS2sU_0.mp4
ZLjp7ahdbWc_0.mp4,6wC2DqFJ7UE_6.mp4
AcSDeQhGGFM_2.mp4,f0wEV9jySXg_1.mp4
6hiEMyCIoQ0_5.mp4,GBTN4LA7pTs_3.mp4
2FjQQrxBhwQ_1.mp4,yayNXxs76vE_0.mp4
WfQ55w4sz74_2.mp4,1VGOy2dylYE_2.mp4
_IPC6d6qWXA_0.mp4,mOBwsP7TMyM_11.mp4
Da7GSy-6mJY_1.mp4,EDEeyk50nDQ_31.mp4
tZAp8COoEic_2.mp4,kjI-JaRWG7s_10.mp4
xCvyw2bipUM_0.mp4,qyahArlpaII_1.mp4
cuGs0oSqpBE_12.mp4,rmE6nTzmDqI_2.mp4
cycPu9OddzU_4.mp4,SaolD5uRm18_20.mp4
NdbZtOpgsUY_0.mp4,Gdpx9aiEtmg_0.mp4
70NzRgWrjQw_0.mp4,d6263F3UkWo_1.mp4
BRccUGaFz2s_2.mp4,WWycD6X8q8s_1.mp4
TodhbrmS7B4_1.mp4,tX3WnzqInf0_8.mp4
R0j9r5qUgEg_1.mp4,-HWkUQJjVrI_6.mp4
5Jr-VyrlGgs_0.mp4,hVRoJbhDiYA_0.mp4
4TsgjtL0Qx4_4.mp4,nh8TJTQrlkw_2.mp4
ugzI9nUPlOk_2.mp4,cWTK6ttZUw0_4.mp4
kfn6lT6JwTE_9.mp4,CgwNoOUtr7s_0.mp4
4V4jhMSJRW8_0.mp4,azkJMOVoNys_2.mp4
Urp9MjHLP0s_0.mp4,825qgHUgF20_1.mp4
L4MyGhbXKZU_10.mp4,ZPMDA9N1itk_2.mp4
zogIrkxnsfw_32.mp4,sVZLKLWFDYs_0.mp4
17Km-P0IJZY_5.mp4,J_L4nLBweuQ_0.mp4
3ce2e-d1ZEc_3.mp4,YNfuzJwLcT8_2.mp4
zFbHwupcqpQ_3.mp4,qfEkv726kdQ_6.mp4
Hs8mVGI7uVc_4.mp4,xc2Ctw8pGrc_1.mp4
Kpomd1Lwn6Y_5.mp4,8RZB2U0goew_4.mp4
W4kci76gyn0_0.mp4,EQOuGXTYAj8_2.mp4
ovv_GMBRPJ8_2.mp4,_IT9jmLChDA_1.mp4
10r3vyu-zDM_1.mp4,biE10Ff4V40_41.mp4
0ysN8AjNhpg_4.mp4,Xtw4TNHkhCM_6.mp4
BJaTOoRuihI_5.mp4,sQPrjgzEcAc_1.mp4
AvxoZlMKKas_12.mp4,hSiFAK-p-Lg_8.mp4
rC9LfNF_CW8_2.mp4,5kQCpsPnnew_1.mp4
Il72uEjs4o0_12.mp4,-uCFfGjnRa8_13.mp4
KXQjEInvGrQ_4.mp4,PZsYgr1VZ0g_6.mp4
2EKDKks9qtA_1.mp4,kauo3Hj1lt4_6.mp4
J_5AaTRRqCc_10.mp4,Hgn21dR35iU_2.mp4
qUammhHxd1k_5.mp4,hGx-bzFZmQE_1.mp4
fC1zzL9DjdU_3.mp4,aGAInDBQOoE_5.mp4
mpgaMjGOeJg_1.mp4,qRQu4tZF1GA_1.mp4
BPlXrbuhaB4_8.mp4,IwrE62wZwHE_3.mp4
oUpzcxwFI6o_2.mp4,CFOC-_DYKXk_4.mp4
FVxCvLQigL0_3.mp4,aRwrdbcAh2s_1.mp4
_CFsYMzD5is_5.mp4,4en7nrTJHmc_1.mp4
3pw2hEwfknA_10.mp4,_x3KSXMXzwM_0.mp4
QfSL-PSHTkQ_0.mp4,A6lwu29UIRc_4.mp4
ZZ3fBpZE1Z8_1.mp4,4sEscSxpMKY_4.mp4
GX1VpvsSHO4_39.mp4,sd2pBde6gkw_2.mp4
9FKgmafi1p8_4.mp4,Wb84rw2JBX8_2.mp4
lO725z7M2jY_6.mp4,V5DgQr_g6SY_1.mp4
Mzd78qjwl3c_2.mp4,MgMs2lYXWVM_14.mp4
ZQdP-Sva8NI_2.mp4,FgUKDQA1qFg_0.mp4
Q49LEs_bhaU_4.mp4,qe0_BKkfg6g_23.mp4
UpnW9oZYF74_3.mp4,WGvhuhHYhiA_2.mp4
n4EWeFRvVFk_6.mp4,Kpomd1Lwn6Y_2.mp4
7F1bODlFs2U_2.mp4,Ih-zPWi9INA_5.mp4
PVvCLgoeN1E_31.mp4,Tsk9gCcchg8_2.mp4
Kc2EYuV33Ns_5.mp4,UxHXWhEq5lo_0.mp4
qfEkv726kdQ_60.mp4,L4MyGhbXKZU_8.mp4
ZyHoPZAsm60_0.mp4,LA2mjILBtIM_0.mp4
ObCiRECeCdM_0.mp4,zraRE6Zkgmo_12.mp4
qRQu4tZF1GA_0.mp4,xgMGnhrKZQI_63.mp4
RaicjdiN8ag_1.mp4,aZbGlkGWiZc_0.mp4
ACYVuXaVGZI_6.mp4,8NfJPoIQD5o_0.mp4
H45oXDxEADg_3.mp4,lrB3zECI0V4_0.mp4
2Qz0AREgsdQ_2.mp4,_CFsYMzD5is_14.mp4
cuGs0oSqpBE_24.mp4,sWCQm58jJsk_4.mp4
aF-AXYCc_xo_0.mp4,gQ5KDSBMFRU_1.mp4
yP9sbfNwtv0_0.mp4,Q9jHF5HOOlY_3.mp4
hQUBid6LIPU_3.mp4,H3zJIP3BJ6Y_0.mp4
AdYiOoBzhHI_12.mp4,Dq17P7VTEmY_4.mp4
IFh6PvOgVjA_7.mp4,g7pICmVQqBc_0.mp4
0YDejqKggWA_2.mp4,PaxG2cTNWkQ_3.mp4
teVKFQpLfjM_0.mp4,xu_UgfGriXA_2.mp4
bBV4-L2Cz2I_0.mp4,BdC4os4SOH0_0.mp4
6C1stWCPRfY_32.mp4,ExsSDD8Lpsc_0.mp4
Q4TdYMsAr0s_3.mp4,EXt9XxMLKhk_21.mp4
yX5TsLuIEy8_2.mp4,iM0hP-LZIvI_0.mp4
qw62N4v8Cwo_22.mp4,OvdQYzRHlO0_3.mp4
86Vd7XFiYZA_0.mp4,MZIPOu6WeGg_2.mp4
qyahArlpaII_2.mp4,oSc-5smBhRQ_3.mp4
iy5OM5zWp_A_1.mp4,qhZFtomQaxw_38.mp4
YbrL3c8NIC8_85.mp4,tjBBL2ZtHt0_32.mp4
pX53F8yJ-Ck_3.mp4,P_OT5s6CEjU_11.mp4
yRGex1xKp_M_0.mp4,xnOVwO2Nfqo_9.mp4
IpW3LbAEypo_3.mp4,BzeRzWfozso_8.mp4
UeCpUca9VUs_0.mp4,dqOYWPemcQ4_12.mp4
H9gqgAcOaE4_0.mp4,qCto3nEfE1w_34.mp4
xr1V8HDt8GQ_18.mp4,k0N8Y9iICy8_6.mp4
hAU8AQ6xlw8_1.mp4,tSyHF-jstuI_6.mp4
gijYgnVD9vo_4.mp4,BWMFLJwEVyQ_1.mp4
f9nhLeM03o8_4.mp4,cGDwEP-RWHo_1.mp4
GB64qyOkDj0_0.mp4,cGDwEP-RWHo_11.mp4
iN0ZnG7yo6o_1.mp4,RIInmRkYOXc_0.mp4
BOwOiWDD_SM_1.mp4,wsX7Ht-4kfA_39.mp4
P8ZCZJpluDA_2.mp4,MkNhAG2CUso_2.mp4
a0zdS_Rj85w_13.mp4,qU0Y6zo68t4_1.mp4
uB69rg6oQrc_18.mp4,z8ietmnBmAQ_7.mp4
MsOmqVrcy9M_3.mp4,__lRwnjxeCg_1.mp4
WGvhuhHYhiA_11.mp4,97wVlAcRZaI_3.mp4
FDks8gZoqGM_5.mp4,vLxUYa47OXE_0.mp4
F6E2ojebPlA_0.mp4,bTrFBrULLmM_1.mp4
mkG2YdCogPY_2.mp4,psZ4jSJ1A_o_5.mp4
CL3IXUZKbto_0.mp4,yQ0FgE-WKi8_2.mp4
L4MyGhbXKZU_4.mp4,Or4t1d_h0Y0_1.mp4
ae6Yia6Rk7I_11.mp4,8n6mcd5Odj8_0.mp4
4Z7qKXu9Sck_2.mp4,tVxYCeRXzGo_2.mp4
limWzxBKAdg_14.mp4,w5PGP9-_x5E_2.mp4
JDQcnQpxOj8_14.mp4,XIgGmNJwwvc_10.mp4
b-w1bY8qhnc_1.mp4,TmdzJyoeQls_1.mp4
kTET_TJfYxM_1.mp4,L_0imHGhC3o_0.mp4
HbvC-WIBpu0_8.mp4,kheP3iy8-6E_0.mp4
v4U2mAwO6-4_4.mp4,nt71afOGcbc_2.mp4
xgMGnhrKZQI_52.mp4,waeNIUB5wz4_0.mp4
Wb84rw2JBX8_8.mp4,MbbKc8GJtFA_0.mp4
mrm31EMpIi8_14.mp4,VW_Bmy2Cm2c_4.mp4
uuTeJ6tbyB4_6.mp4,zie94YV7W4Y_0.mp4
qN3TquDtKdU_7.mp4,uAWektIBPUs_9.mp4
up1wTd5shfc_6.mp4,jBvjrK-pgrA_52.mp4
wHHV843Y2a4_1.mp4,agYpqGEKNvQ_0.mp4
gyJCrKgiF4g_4.mp4,IKCMr0JAveU_0.mp4
W64977o_FlY_7.mp4,n80QtP2x4e8_1.mp4
PFBrK7pbqCU_0.mp4,eInZbdw1TDE_0.mp4
k2s7U_7gHtE_0.mp4,-Jzi-2lYWEw_0.mp4
